"last_name, first_name","player_id","year","xwoba","xwobacon","xbacon","exit_velocity_avg","launch_angle_avg","barrel_batted_rate","hard_hit_percent","avg_best_speed","avg_hyper_speed","z_swing_percent","z_swing_miss_percent","oz_swing_percent","oz_swing_miss_percent","iz_contact_percent","edge_percent","whiff_percent","swing_percent","pull_percent","straightaway_percent","opposite_percent","f_strike_percent","flyballs_percent","linedrives_percent","sprint_speed"
"Cabrera, Miguel","408234","2023",".301",".337",".317","89.1","7.4",4.2,37.6,"98.972070682","93.630273802",68.3,18.2,28.2,43.8,81.8,41.7,25.6,48.3,35.7,38.8,25.5,63.8,18.3,27.4,"23.1"
"Cruz Jr., Nelson","443558","2023",".297",".407",".354","92.4","10.2",9.2,48,"103.031683673","96.058311429",66.1,21.5,39.4,59.1,78.5,41.7,36.1,52.3,39.8,37.8,22.4,65.1,22.4,25.5,"24.7"
"Peralta, David","444482","2023",".309",".352",".334","89.3","8.2",4.9,44.2,"100.838135399","94.678134417",74.3,15.3,34.1,38.8,84.7,44.5,22.5,54.5,38.4,35.7,25.9,61.3,21.6,25.3,"27.0"
"Longoria, Evan","446334","2023",".324",".431",".347","92.2","15.6",10.6,51.8,"102.131802113","95.858329716",58,20.9,29.2,43.4,79.1,42.8,29,42.8,46.8,33.3,19.9,62.9,33.3,24.1,"26.2"
"Blackmon, Charlie","453568","2023",".339",".340",".317","86.4","18.1",4.9,31.5,"97.605451688","92.81067263",65.8,13.3,28.5,34.4,86.7,44.2,19.6,47.3,45.5,32.8,21.8,61,25.6,27.9,"27.6"
"Maldonado, Martín","455117","2023",".267",".370",".304","88.4","18.1",8.5,40,"99.511383636","93.988423653",65.5,23.7,32.8,56.1,75.2,41.3,34.1,49.6,46,30.6,23.4,62.7,31.5,20.9,"23.2"
"Solano, Donovan","456781","2023",".351",".406",".379","90.2","13.1",6.1,43.7,"100.102935676","94.475306983",64.9,16.2,29.9,45,83.8,41.8,25.4,47.4,34.2,43.4,22.4,67.1,23.1,31.9,"25.4"
"McCutchen, Andrew","457705","2023",".353",".382",".345","89.6","12.3",6.8,44.6,"100.329192449","94.60717314",64.4,19.9,18.6,53.8,80.1,44.7,27.4,41.6,48.3,30.6,21.1,60.2,27.2,25.2,"28.4"
"Turner, Justin","457759","2023",".336",".367",".320","89.5","16.5",5.7,39,"98.567368238","93.587032225",63.5,12.2,25.7,31.1,87.8,41.6,17.5,45,37.9,34.8,27.3,60.7,33,25.1,"25.2"
"Votto, Joey","458015","2023",".298",".331",".269","89.3","13.9",11,39.7,"99.750614932","94.225792534",69.8,24.5,25.2,48.7,75.5,40.2,30.8,47.8,45.2,35.6,19.2,59.9,32.9,13,"25.6"
"Andrus, Elvis","462101","2023",".267",".290",".285","87.5","5.5",2.6,31,"97.859729735","92.978938439",61.4,11.7,28,38.6,88.1,41.9,20,45,38.9,37.6,23.5,64.8,19.9,19.9,"26.5"
"Santana, Carlos","467793","2023",".308",".323",".294","88.8","12.8",6.7,36.4,"99.367236","93.791213073",68.2,17.2,24,34.9,82.8,41.3,22.1,45.3,47.1,32.2,20.7,56.2,24.2,22.2,"25.9"
"Belt, Brandon","474832","2023",".336",".462",".361","88.7","19.8",15,40,"100.691962551","94.453475333",67,24.8,17.9,57.3,74.3,45.1,32.3,41,41,32,27,55.3,39,24,"26.2"
"Gurriel, Yuli","493329","2023",".273",".280",".277","88.6","16.5",1.9,34.9,"97.568536744","92.903397315",62.9,10.5,30.7,27.3,89.5,41.8,16,46.8,39.5,34.5,26,62.7,24.4,23.6,"27.2"
"Rojas, Miguel","500743","2023",".288",".291",".288","87.3","11",2.9,32,"97.505333176","92.848794735",67.6,8.5,32.8,31.7,91.5,41.8,16.5,49.6,33.4,36,30.5,66.2,20.9,26.2,"26.4"
"Escobar, Eduardo","500871","2023",".244",".296",".279","86.3","14.4",3.8,30.6,"96.536556538","92.269302067",68.2,22.5,36,37.4,77.2,44.4,28.1,50.6,44.1,31.5,24.4,62.8,27.2,21.6,"27.1"
"Pham, Tommy","502054","2023",".361",".429",".377","92.3","5.7",10.7,49.1,"103.076305767","96.158685951",60.6,14,20.6,51.5,86,42.3,23.6,40.5,37.4,40.2,22.4,60.8,21.5,27.6,"27.8"
"Martinez, J.D.","502110","2023",".369",".518",".406","93.4","16.9",17.1,55.1,"103.470071027","96.728137226",75.4,23.5,32.1,58.3,76.5,43.9,34.4,53,37.7,37.7,24.7,65.9,37,24.3,"26.1"
"Goldschmidt, Paul","502671","2023",".367",".440",".371","91.3","12.8",12,50.8,"102.40959555","95.767792759",61.8,23.2,26.5,37.2,76.8,41.2,27.5,44,31.5,36.1,32.4,61.3,26.9,25.7,"26.4"
"Altuve, Jose","514888","2023",".331",".350",".305","86","11.4",8.3,31.4,"97.888341268","92.956086549",61.3,12.5,32.1,28.1,86.3,39.8,18.7,45.1,45.2,38.3,16.6,60.7,21.7,20.3,"26.9"
"Segura, Jean","516416","2023",".281",".295",".284","88","2.9",3.5,38.8,"99.845816452","94.042211093",65.1,12,36.9,31.1,87.7,40.5,19.2,50.5,29.8,43.5,26.7,61.7,15.7,17.6,"27.4"
"Marte, Starling","516782","2023",".312",".363",".335","88.2","6.3",5.6,39.5,"100.135976281","94.129016405",71.5,16.9,37.4,45.9,81.9,41.6,27.4,53.8,35.9,35.5,28.6,61.3,24.6,20.2,"27.1"
"d'Arnaud, Travis","518595","2023",".326",".391",".338","90.7","10.3",9,42.8,"101.038586","94.8353646",75.2,23.7,27.1,43.2,76.3,39.2,28.6,52,38.8,33.8,27.4,65.4,24.9,25.9,"26.1"
"Donaldson, Josh","518626","2023",".325",".395",".287","92.1","11.7",16.2,51.3,"102.387973559","95.920847692",64.1,21.8,26.4,38.1,78.2,45.8,26.7,44.8,47,32.5,20.5,65.6,29.9,12.8,"24.9"
"Freeman, Freddie","518692","2023",".408",".461",".396","90","15.2",11.1,42.2,"100.590638269","94.617661541",76.1,14.3,26.9,36.9,85.7,42.3,20.4,51,35.3,36.5,28.2,62,29.6,30.9,"26.7"
"Grandal, Yasmani","518735","2023",".282",".311",".292","87.9","10.8",4.7,34.4,"98.280329643","93.23662509",62.1,17.5,27.4,41.8,82.5,44.8,24.9,44.7,36.2,37.6,26.2,57.9,25.4,24.7,"22.8"
"Heyward, Jason","518792","2023",".319",".344",".308","87.7","15.4",8.1,37.4,"99.253685693","93.70715033",65.6,14,28.4,36.1,85.6,42.2,20.7,47,45.4,34.4,20.1,55.7,21.6,24.9,"27.1"
"LeMahieu, DJ","518934","2023",".322",".369",".340","89.6","3.8",5.9,43,"100.265359786","94.32212244",54.4,13,23.1,36.5,87,44.6,19.7,39.2,31.8,40.6,27.5,60.6,17.4,22.5,"25.7"
"Moustakas, Mike","519058","2023",".270",".327",".292","89","18",5.7,37.9,"99.28083626","93.790160498",71.5,19.6,33,45.3,80.4,45,27.3,53.2,39.6,34,26.4,61.4,29.1,24.5,"25.2"
"Rizzo, Anthony","519203","2023",".319",".367",".331","90","17.8",6.9,37.5,"99.161259855","93.823202582",64.1,15.4,34.1,41.4,84.6,43.5,25,48.4,41.5,38.3,20.2,62.1,30.7,28.5,"24.7"
"Stanton, Giancarlo","519317","2023",".325",".429",".332","93.3","12.5",15.7,48.4,"106.135021532","97.484200526",60.2,24,27.2,53.4,76,43,34.1,42.5,39.9,37.9,22.2,55.2,26.2,22.2,"24.4"
"Perez, Salvador","521692","2023",".327",".410",".356","90.1","15.6",8.8,44,"101.357412537","94.955683293",77.5,19.7,47,43.5,80.3,37.1,30.2,60.2,39.7,36.3,24.1,64,30.2,26.3,"24.3"
"Flores, Wilmer","527038","2023",".333",".347",".304","86.4","22",7.8,32.5,"97.399441744","92.72835564",62.7,11.6,28.2,24.5,88.4,43.2,15.8,44.9,44.9,29,26.1,66,29.9,23.5,"24.4"
"García, Avisaíl","541645","2023",".291",".416",".352","90.4","10.2",11.6,49.3,"101.874794412","95.412467794",76.4,21.1,35.4,66.7,78.9,39.7,37.3,54.1,34.8,31.9,33.3,65.8,18.8,17.4,"28.3"
"Bethancourt, Christian","542194","2023",".266",".348",".299","88.6","11.3",7.9,40.8,"99.662215893","94.065729509",77.7,24,45.2,53.7,75.3,39.1,36.6,59.6,46.9,35.1,18,71.7,24.6,18.4,"27.4"
"Pérez, Carlos","542208","2023",".314",".359",".334","89.2","16",5.3,39.4,"99.571600455","94.025299771",65,12.8,29,38.9,86.3,40.8,21.5,46.1,53,34.8,12.1,60.8,26.5,25,"24.6"
"Ozuna, Marcell","542303","2023",".396",".485",".379","91.8","15.6",16.6,49,"103.257673232","96.232240934",69.8,17.1,29.7,46.4,82.9,41.9,26.7,48.4,42.5,30.9,26.6,59.9,32.4,21.9,"26.4"
"Ortega, Rafael","542364","2023",".283",".291",".298","86.8","10.6",0,26.8,"96.157611282","92.079292949",62.8,16.3,23.1,38.8,82.1,44.1,22.3,43.1,47.6,30.5,22,64.7,25.6,20.7,"27.2"
"Aguilar, Jesús","542583","2023",".247",".309",".270","86.7","16.3",6.8,29.7,"97.05863973","92.593433699",57.3,18.2,34.4,34.7,81.8,45.1,23.9,46.7,39.2,36.5,24.3,69.3,25.7,25.7,"23.0"
"Berti, Jon","542932","2023",".324",".370",".349","85.4","2.4",4.7,31.3,"97.776931847","92.905131597",65.6,12.3,21.4,47.4,87.5,43,19.8,45.5,26.3,38.6,35.1,61,19.9,21.8,"29.3"
"Crawford, Brandon","543063","2023",".294",".348",".303","89.8","14",10.1,43,"99.565776078","94.12075299",74.3,19.1,31.2,53.6,80.9,43.4,29.6,52.2,38.6,38.2,23.2,62.2,31.4,20.3,"25.8"
"Cron, C.J.","543068","2023",".332",".410",".343","87.7","12.8",13.8,40,"101.506528673","94.849164308",63.6,20.5,31.9,43.6,79.5,40.9,28.3,47.6,41,34.9,24.1,66.2,25.6,23.1,"25.0"
"Gomes, Yan","543228","2023",".321",".369",".334","87.4","15.1",7.8,36.4,"98.498293636","93.349708864",69.1,16.2,37,37.9,83.8,43.4,24.2,52.5,30.5,38.3,31.2,59.2,28.9,25.6,"26.2"
"Grossman, Robbie","543257","2023",".306",".332",".304","88.2","20.2",6.8,37.3,"98.380623258","93.356276654",60.2,13.9,15.7,44,86.1,43.7,20.1,38.1,39.5,37.6,22.8,55.7,35.4,24,"27.8"
"Harrison, Josh","543281","2023",".278",".298",".288","86.6","10.7",2.4,25.9,"95.64006814","91.873132235",67.7,20.4,30.9,25.9,78.9,43.1,21.9,51.3,40,38.8,21.2,61.4,16.5,25.9,"26.5"
"Hicks, Aaron","543305","2023",".282",".294",".279","85.3","12.6",4,29.4,"96.660790808","92.357553401",61.2,19.3,20.9,43.2,80.5,43.5,25.6,40.3,43.8,32.3,23.9,58.7,23.4,17.9,"27.3"
"Higashioka, Kyle","543309","2023",".309",".411",".344","90.1","15.5",11,48.3,"101.070818721","94.981513333",67.1,18.4,31,51.6,80.7,40.7,28.6,49.5,50,32,18,65.8,27.3,25,"25.6"
"Hosmer, Eric","543333","2023",".247",".297",".276","85.1","3.4",5.8,34.8,"98.408715","93.221496176",65.7,20.9,38.4,28.2,79.1,45.5,23.6,52.1,27.5,43.5,29,62,17.4,15.9,"25.0"
"McCann, James","543510","2023",".319",".404",".359","89.8","16.6",7.1,43.9,"100.5154664","94.458814667",70,18,38.6,55.2,81.6,42.3,31.4,54.2,34.2,45.8,20,61.1,30.3,24.5,"26.1"
"Nola, Austin","543592","2023",".266",".262",".263","85.8","15",1,25.2,"95.942156531","92.024479794",56.6,7.6,21.1,36.9,88,44.5,15.3,39.3,36.9,35,28.2,63,20.4,21.4,"26.2"
"Rendon, Anthony","543685","2023",".357",".348",".321","90.1","16.2",4.8,41.6,"98.661103333","93.7752192",64.2,11.9,16.9,38.8,87.7,43,17.9,39.6,35.2,38.4,26.4,55.7,32,28,"26.5"
"Semien, Marcus","543760","2023",".333",".349",".312","88.4","19.1",6.5,37,"98.08417844","93.189258191",72.9,11.6,21.4,40,88.4,43,18,47.1,46.9,32.9,20.2,60.9,35.4,23.5,"28.7"
"Springer III, George","543807","2023",".332",".369",".333","88.3","12",7.7,39.9,"100.34851102","94.297792755",73.3,15.8,23.1,44.8,84.2,43.5,22.3,49.3,37.5,38.1,24.4,61.6,25.9,22.4,"27.8"
"Vázquez, Christian","543877","2023",".268",".314",".302","86.7","10",3.2,32.8,"96.86717918","92.517706337",65.3,21.2,33,35.6,78.8,44.1,26.2,48.7,30.8,41.7,27.5,60.5,23.5,27.9,"25.0"
"Wong, Kolten","543939","2023",".262",".284",".278","85.6","14",1.7,27,"96.00426619","92.008496429",67.5,11.7,27.1,46.9,86.8,42.1,21.4,47.9,45.4,30.5,24.1,60.4,29.9,17.2,"26.7"
"Vargas, Ildemaro","545121","2023",".303",".295",".287","87.1","4.1",2.4,31.3,"97.156948151","92.578474076",60.5,6.9,29.1,24.5,92.1,43.8,12.1,45.9,41.5,39.4,19.1,62.2,16.7,20.3,"27.0"
"Grichuk, Randal","545341","2023",".323",".377",".339","89.6","14",7.1,45.3,"101.490095235","95.074647765",67,14.3,34.9,47.8,85.7,42.4,26.7,50.1,44.7,31.5,23.8,59.9,24.4,26.8,"27.4"
"Trout, Mike","545361","2023",".389",".510",".416","91.9","19.3",16,51.9,"104.231780971","96.666975874",69.8,24.1,19.7,47.1,75.9,41.3,29.3,44.4,43.7,30.1,26.2,51.7,32,26.2,"29.5"
"Harper, Bryce","547180","2023",".399",".470",".394","91.8","9.1",15.2,46.8,"103.839812899","96.235486154",77.9,21,33.4,52.5,78.6,42.3,33.2,51.4,36.5,37.7,25.7,58.2,22.8,27.2,"27.6"
"Abreu, José","547989","2023",".314",".369",".328","89","10.8",8.7,41.6,"100.821833606","94.59770588",65.2,17.9,36.3,40.5,82.1,42.6,26.4,50.1,32.7,39.4,27.9,59.2,21.9,26,"25.5"
"Díaz, Elias","553869","2023",".296",".351",".323","88.1","12.7",6.2,38.4,"100.035107459","94.071648482",76.5,19,36.2,45.5,81,41,28.4,54.8,40.3,38.2,21.5,62.7,19.9,25.3,"25.0"
"Narváez, Omar","553882","2023",".310",".338",".315","86","21",7.6,29.5,"96.611584231","92.320791442",68.7,14.4,24,22.9,85.6,46.9,16.6,46,32.4,42.9,24.8,58.9,40,26.7,"24.4"
"Suárez, Eugenio","553993","2023",".324",".418",".343","90.3","18.9",13.2,43,"100.661115455","94.726665316",65.7,24.6,23.6,55.5,75.4,40.6,32.8,44.5,46.3,32.7,21,60.1,34.4,25.1,"26.4"
"Urshela, Gio","570482","2023",".289",".322",".314","87.5","8.6",3.9,33.7,"97.28858011","92.735387017",73.8,11.4,37,32.7,88.6,42,18.8,54.8,24.9,41.4,33.7,68,24.3,25.4,"26.2"
"Schoop, Jonathan","570731","2023",".276",".324",".312","89.4","11.2",4,38.6,"100.684305882","94.547389109",74.8,20.6,32.3,47.5,79.4,42.6,29.2,52.6,38.6,38.6,22.8,63.6,17.8,27.7,"26.9"
"Arenado, Nolan","571448","2023",".320",".358",".320","88.8","16.9",7.3,38.1,"99.311427863","93.760489679",65.5,10.6,34.1,35.9,89.4,42.4,20.2,48.5,46.9,32.1,21,58.3,25.7,24,"24.9"
"Barnhart, Tucker","571466","2023",".234",".290",".293","87","16.5",1.5,23.5,"94.835397941","91.474245672",63.5,13.3,29.6,51.4,84.2,41,24.9,47.1,42.6,32.4,25,74,20.6,23.5,"23.2"
"Farmer, Kyle","571657","2023",".313",".373",".336","86.4","13.2",6.7,32.9,"97.416251746","92.785266614",62.7,13,32.2,43.7,86.7,41.7,23.2,47.7,37.3,39.3,23.4,63.1,25,25,"26.5"
"Haniger, Mitch","571745","2023",".316",".412",".352","91","15.9",10.9,46.9,"100.797604054","94.934929728",64.1,19.2,25.4,52.3,80.8,41.8,27.8,45.8,38.8,34.7,26.5,68.6,31.3,26.5,"26.7"
"Hernández, Enrique","571771","2023",".272",".302",".281","87.8","17",4.5,33.7,"97.831208503","92.980265241",66,15.9,27.9,41.4,84.1,43.1,23.6,46.7,35,38.2,26.7,61.6,28.1,24.3,"26.9"
"Maile, Luke","571912","2023",".315",".377",".322","87.7","14.7",10.7,33.6,"98.523024","93.382391163",63.5,20.4,26.3,38.2,79.2,42.2,25.7,44.6,39.7,38.9,21.4,56.8,28.2,21.4,"26.0"
"Muncy, Max","571970","2023",".364",".443",".339","91.2","21.7",14.6,46.6,"101.315308623","95.11269018",57.2,20.8,23.5,48.4,79.2,42.4,29.6,39.3,51.3,30.7,17.9,58.7,38.5,18.5,"26.9"
"Myers, Wil","571976","2023",".249",".334",".304","87.6","11",6.2,29.6,"97.432230513","92.949601154",56.2,30.8,29.7,48.8,68.6,46.6,36.8,43.3,46.9,33.3,19.8,54.6,19.8,19.8,"28.0"
"Pollock, AJ","572041","2023",".267",".313",".265","89.4","13",6.8,41.7,"99.325343077","93.993071942",70.5,16.3,34.8,42.7,83.7,41.3,25.8,51.5,43.7,35,21.4,72.2,29.1,12.6,"28.8"
"Singleton, Jon","572138","2023",".298",".323",".285","88.9","17.5",5.8,43.5,"99.127764857","93.78543087",64.4,13.6,23.7,42.6,86.4,41.9,22.3,42.4,42,34.8,23.2,59,31.9,20.3,"26.0"
"Taylor, Michael A.","572191","2023",".306",".432",".350","88.1","13.4",13.5,38,"101.375261009","94.840009083",68.8,23.6,31.2,53.4,75,44.6,33.6,49,37.1,40.6,22.3,65.2,28.8,20.5,"28.7"
"Thompson, Trayce","572204","2023",".275",".410",".332","89.3","21.8",11.8,46.1,"101.671417632","95.111791184",62.4,33.2,20.4,70.1,66.8,41.7,43.3,39.9,40.8,32.9,26.3,57.5,38.2,19.7,"27.3"
"Walker, Christian","572233","2023",".339",".380",".318","88","15.8",11.4,40.4,"100.601281422","94.397470475",71.3,18.9,26.1,46.7,81.1,42.9,26.4,48.6,40.6,35,24.4,60.4,32.6,19.4,"26.4"
"Zunino, Mike","572287","2023",".240",".356",".310","85.9","15.1",7.9,34.9,"99.668005625","93.953864127",61.9,29.6,32.8,65.4,70.4,46.9,42.8,46.7,52.4,33.3,14.3,60,23.8,17.5,"26.0"
"Carpenter, Matt","572761","2023",".309",".341",".273","87","24.4",11.1,31,"97.461539355","92.730769677",60.4,17.9,21.1,56.9,81.1,43.9,28.3,40.4,51.6,28.6,19.8,59.9,40.5,19,"25.3"
"Dickerson, Corey","572816","2023",".288",".333",".316","88.1","9.4",3.4,27.4,"97.378993103","92.855205862",72.2,14.7,48.7,33.8,85.3,41.8,22.4,60.4,31.6,41.9,26.5,67.1,27.4,23.1,"26.6"
"Yastrzemski, Mike","573262","2023",".325",".391",".331","90","19.6",9.8,44,"100.690515526","94.656883114",62.5,17.2,20.2,42.9,82.3,44.4,23.6,41.2,41.9,38,20.1,56.9,32.5,25.2,"27.0"
"Contreras, Willson","575929","2023",".373",".437",".374","91.3","10.1",12.2,46.9,"103.922488176","96.441608585",68.9,18.7,31.1,48.3,81.3,42.5,29,48.5,35.6,39.1,25.3,60.8,23.1,21.6,"26.7"
"Bryant, Kris","592178","2023",".323",".361",".317","85.7","14.4",6,31.5,"97.280290431","92.645822586",70,15.8,25.5,46.3,84.2,42.2,25,45.9,44.4,38.8,16.8,55.8,31.9,25,"26.4"
"Canha, Mark","592192","2023",".323",".326",".301","87.9","13.1",4.7,36.7,"98.959607624","93.632062936",58.9,11.3,23.9,36.2,88.7,41.5,18.3,41.6,42.5,35.9,21.5,64.6,25.4,21.8,"27.8"
"Castellanos, Nick","592206","2023",".320",".420",".364","88.9","14.4",10.3,43.2,"100.3894813","94.419143027",74.6,22.1,41,55.4,77.9,44.4,35.4,56.2,46.5,30.6,22.8,69,28.9,24.4,"27.2"
"Drury, Brandon","592273","2023",".318",".405",".349","89.9","11.8",11,46.3,"101.80875267","95.132794574",69.2,20.2,34.9,49,79.8,43.1,30.2,51.6,39.3,35.6,25.1,62.7,26.3,24.6,"26.9"
"Judge, Aaron","592450","2023",".461",".635",".444","97.6","20.4",27.5,64.2,"107.408656167","99.7487841",66.9,27.5,19.5,63,72.5,40.8,36.6,41.3,44.2,35,20.8,59.7,40.8,22.5,"26.7"
"Machado, Manny","592518","2023",".335",".376",".320","91","15",10.5,45.9,"102.375377","95.525381708",69.5,16.5,29.3,41.2,83.5,44.5,23.9,49.3,35.5,39.3,25.2,62.3,28.9,22,"26.3"
"Pederson, Joc","592626","2023",".366",".415",".350","92.1","15.2",12.1,52.2,"103.009948074","96.305444852",66,17.4,28.5,37.9,82.2,41.6,24.6,45.2,45.6,32,22.4,52.6,30.1,23.5,"26.4"
"Realmuto, J.T.","592663","2023",".334",".421",".352","89.8","16.7",11.2,43.3,"101.30139764","94.961935393",70.7,18.5,30.6,43.7,81.4,42.1,26.2,50.5,42.1,32.6,25.3,59.8,28.9,24.2,"28.6"
"Renfroe, Hunter","592669","2023",".289",".334",".299","88.3","15",6.1,39.1,"100.508778984","94.37524563",70.6,18.1,33.5,42.3,81.9,42.6,26.4,50.8,48.7,33.2,18.1,61.9,25.3,21.8,"26.8"
"Rosario, Eddie","592696","2023",".317",".389",".340","88.6","14.5",9.5,35.4,"98.60055257","93.424315434",73.6,22.7,43.5,39.8,76.5,40.9,29.7,57.4,42.3,39,18.7,64.9,28.4,25.6,"28.0"
"Yelich, Christian","592885","2023",".362",".425",".381","91.7","3.5",9.2,50.1,"103.18368722","96.096251589",68.1,17.7,24.8,48.4,82.3,42.4,26.8,45,35,34.1,30.9,58,17.3,22.4,"28.1"
"Merrifield, Whit","593160","2023",".276",".304",".295","85.1","14.4",2.4,24.3,"94.880835796","91.453019024",69.8,14.5,32.5,30.2,85.1,43.6,19.5,51.1,31.4,40.5,28.1,65.9,25.7,26.1,"28.8"
"Bogaerts, Xander","593428","2023",".318",".341",".311","87.6","7.9",6.1,34.6,"98.476149796","93.284202061",59.1,13.8,25.2,36.7,86.2,42.2,20.4,42.6,36.6,34.6,28.9,60.3,22.6,21.1,"27.6"
"Polanco, Jorge","593871","2023",".348",".428",".349","88.4","21.6",13.8,40.6,"100.221097963","94.291735787",66.6,15.5,28.4,44.5,84.5,40.4,24.9,46.4,41.9,36.4,21.7,62.4,39.2,25.3,"27.6"
"Calhoun, Kole","594777","2023",".303",".346",".303","86.6","19.9",6.6,35.2,"97.942733279","92.974706803",73,15.9,27.3,38.6,84.1,44.3,22.9,48.2,41,40.2,18.9,60.3,32.8,23,"25.0"
"Duvall, Adam","594807","2023",".304",".410",".318","88.8","28.9",13,39.1,"100.072491121","94.161800748",63.7,21.2,34.1,47.7,78.8,43.3,31,48.3,58.1,25.6,16.3,61.8,40,22.3,"27.6"
"Kiermaier, Kevin","595281","2023",".300",".345",".338","86.7","5.6",3.5,33.2,"97.999902837","93.084577651",71.6,21.8,27.4,52.4,77.9,42.2,30.2,49.6,38.4,40.1,21.5,62.5,18.7,21.1,"28.8"
"Wallach, Chad","595453","2023",".292",".409",".335","87.7","16.7",10.8,33,"97.89839551","92.949197755",70.4,23.8,29.9,59.8,74.9,41.8,34.8,50,37.3,34.3,28.4,63.4,30.4,22.5,"24.3"
"Profar, Jurickson","595777","2023",".306",".320",".308","86.5","14.8",4,31.8,"97.18982877","92.606877674",68.8,12.3,25.1,41.6,87.6,42.9,20,47.2,41.2,36.9,21.9,63,24.1,26.7,"25.6"
"Báez, Javier","595879","2023",".279",".334",".310","88","9.4",5.2,39.7,"100.19637776","94.157773958",68.2,21.5,44,46.3,78.3,39.6,32.6,54.8,37.4,38.1,24.5,63.6,23.5,21.4,"28.1"
"Cave, Jake","595909","2023",".277",".341",".293","89.3","15.3",7.6,34.8,"98.602982576","93.425616336",68.2,18.4,30.2,44.8,80.5,41.3,26.7,48.8,31.8,34.1,34.1,58.1,34.8,23.5,"27.6"
"Gallagher, Cam","595956","2023",".173",".227",".225","82.5","17.3",2,20.4,"94.077365208","91.145200104",69.5,16.8,31.4,35.6,82.2,42.7,22.3,51.5,38.8,38.8,22.4,66.4,23.5,16.3,"25.4"
"Hedges, Austin","595978","2023",".253",".296",".294","87.2","15.4",0.7,31.1,"97.087257286","92.598786763",72,20,33.2,44.4,79.6,43.5,28,52.1,40.4,38.4,21.2,61.8,20.5,23.8,"24.5"
"Lindor, Francisco","596019","2023",".346",".388",".329","91.2","19.2",10.4,43.9,"100.821281314","94.916417775",70.3,16.1,27.2,38.8,83.9,42.9,22.8,48,44.7,35.4,19.9,60.5,31.4,24.2,"28.1"
"Odor, Rougned","596059","2023",".320",".365",".329","90.1","19.9",6.9,37.6,"99.290219","94.0237374",71.3,16.5,28.8,50,83.5,41,27.1,48.5,38.6,41.6,19.8,54.1,23.8,31.7,"26.8"
"Slater, Austin","596103","2023",".338",".429",".371","91.1","7.5",11.8,46.5,"101.910679365","95.591557937",63.8,20.9,22.2,52.7,77.9,43.8,29.5,42.3,33.1,33.1,33.9,62.3,26,22,"27.7"
"Story, Trevor","596115","2023",".266",".366",".322","88.5","15.5",9.7,39.8,"99.807338431","94.011833627",69.7,24.8,30.6,48.4,75.2,43,31.7,50.8,35.9,36.9,27.2,64.3,25.2,26.2,"28.8"
"Stubbs, Garrett","596117","2023",".207",".213",".217","83.4","22.4",0,17.6,"93.635939189","90.852312703",63.2,13.7,31.1,39.2,83,42.3,22.4,46.8,38.8,35.3,25.9,64.8,21.2,15.3,"28.1"
"Vogelbach, Daniel","596129","2023",".324",".376",".324","91.7","14.5",9.3,50,"101.166799794","95.217899227",50.9,13.4,21.4,40.8,86.6,41.9,21.6,36,39.7,36.1,24.2,55.5,26.8,23.2,"23.6"
"Sánchez, Gary","596142","2023",".343",".424",".322","90.1","16.5",15.4,44.6,"101.705364318","95.143946857",57.8,16.6,26.5,50.7,83.4,41.6,27.6,41.8,44,38.9,17.1,55.1,33.1,15.4,"24.9"
"Kepler, Max","596146","2023",".362",".428",".356","91.9","14.7",12.2,47.9,"102.056672262","95.65094244",70.2,11.9,24.9,41.9,88.1,43.5,19.8,47.5,43.2,35.7,21.1,62.1,31,25.6,"27.4"
"Choi, Ji Man","596847","2023",".349",".467",".360","93.4","11.9",19.7,59.2,"103.507719167","97.052984225",71.8,21,23.5,57.8,79,44.3,30.8,46.4,53.5,25.4,21.1,56.4,31,21.1,"24.9"
"Bradley Jr., Jackie","598265","2023",".246",".299",".259","88.1","5.3",7.8,35.1,"98.833141842","93.611215333",68.7,22.4,34.3,58.1,77.6,45.6,32.6,53.4,46.8,37.7,15.6,63.7,26,16.9,"27.1"
"Candelario, Jeimer","600869","2023",".318",".359",".313","88.3","14.1",7.9,36.4,"99.185208","93.708029184",68.1,16.1,28.3,42.3,83.9,42.6,24.2,47.4,42.9,34.6,22.5,57.9,28,25.1,"27.5"
"Urías, Ramón","602104","2023",".281",".333",".313","89.2","7.9",6.9,38.1,"99.139793769","93.685443346",68.9,20.2,28.5,50.2,79.8,42.8,28.7,49.1,38.1,37.7,24.2,67.4,20.4,22.3,"26.7"
"Ahmed, Nick","605113","2023",".263",".322",".308","85.2","12.8",2.7,31.5,"97.507589437","92.754850282",66.6,19.4,33.6,42.2,77.9,43.4,26.9,50.4,36.3,39,24.7,68.1,21.9,26,"28.1"
"Anderson, Brian","605119","2023",".316",".405",".352","87.6","9.9",10.3,37.1,"99.655808491","93.945080472",69.4,24.6,28.1,55.5,75.4,42.7,33.3,48.9,27.7,43.7,28.6,65.9,22.5,23,"26.4"
"Barnes, Austin","605131","2023",".273",".300",".284","84.8","6.1",2.9,25.4,"96.019005147","92.044198148",64.5,18.1,19.8,38,81.2,45.4,22.2,44,37.7,40.6,21.7,65,21.7,19.6,"26.5"
"Bell, Josh","605137","2023",".345",".403",".348","90.1","9.3",10.1,43,"101.611186796","94.955559951",70.8,17.2,27.8,44.8,82.8,44.4,25.8,47.7,43.5,31.7,24.8,57.9,26,21.4,"25.9"
"Betts, Mookie","605141","2023",".407",".437",".358","92.4","20.6",12.4,48.5,"100.865674689","95.28290971",60.3,8.2,16.6,46.1,91.8,41.2,16.7,38.1,45.4,35.3,19.3,59.5,35.7,29.3,"27.2"
"Caratini, Victor","605170","2023",".310",".344",".327","91.3","10.8",5,44.7,"101.5286345","95.04057195",65.8,15.1,22.6,40.7,84.9,48.2,21.1,45.3,39.6,44,16.4,59.3,20.1,21.4,"25.0"
"Davis, J.D.","605204","2023",".326",".410",".360","91.1","7.8",9.6,45.2,"101.437064311","95.258851108",79.1,26.8,26.5,56.2,73.2,42.5,34,53.1,38.9,33.5,27.5,65.2,20.4,23.1,"25.8"
"Castro, Harold","605612","2023",".263",".332",".323","86.2","10",3.1,28.7,"96.109616082","92.139749948",71.1,18,43.1,44.2,81.7,47.2,28.6,56.3,32.8,37.9,29.2,60.4,24.1,27.7,"26.5"
"Arcia, Orlando","606115","2023",".307",".345",".311","88.2","5.4",6.9,41.1,"99.189217927","93.735384508",65.4,17.7,26.4,41.2,82.3,42.9,24.3,46.2,39.8,35.5,24.7,63.2,20.8,19.5,"25.9"
"Tapia, Raimel","606132","2023",".297",".340",".311","85.4","1.6",6.4,34.5,"98.091692222","93.117951776",62.6,23.1,39.2,36.2,75.3,43.2,28.7,49.5,26.4,42.7,30.9,58.6,18.2,20,"28.7"
"Hernández, Teoscar","606192","2023",".336",".466",".388","91.3","12.3",13.8,49.4,"103.014681476","96.109592578",73,24.8,35.2,57.3,75.2,42.8,35.8,53.6,36.6,37.5,25.9,65.3,26.8,24.9,"28.6"
"Marte, Ketel","606466","2023",".342",".365",".330","91.1","10.7",8,42.8,"101.585403319","95.10445528",67.2,14.1,24.5,37.7,85.8,44.4,20.5,45.5,42.2,37.6,20.2,60.2,25.2,23,"27.7"
"Haase, Eric","606992","2023",".253",".322",".308","87.1","13.4",4.6,35.9,"98.489376289","93.341904124",72.2,22.6,36.3,52.2,77.4,44.9,32.6,54,38.5,37.4,24.1,64.4,22.6,24.6,"28.0"
"Nimmo, Brandon","607043","2023",".352",".400",".346","91.8","12.2",9.5,47.9,"101.50757","95.462726837",62.3,15.5,19.9,44.6,84.3,42.1,22,42.4,31,37,31.9,62.5,26.4,25.5,"28.0"
"Peterson, Jace","607054","2023",".287",".319",".294","85.7","14.4",4.7,28.1,"96.5144975","92.272958155",60.7,15.9,22.9,48.7,82.8,45,24.6,42.2,35.3,36.7,28.1,60.7,29.1,20.5,"28.0"
"Turner, Trea","607208","2023",".330",".394",".347","89.9","13",8.4,42.2,"100.292342286","94.550003245",74.2,17.8,35.3,50.5,82.2,41.9,29.6,53.1,35.9,40.6,23.5,64.9,30.6,23.7,"30.3"
"Pillar, Kevin","607680","2023",".295",".377",".336","87.9","17.8",8,38.7,"98.402506267","93.29131396",72.8,17.3,40.4,41.9,81.9,40.3,26.3,56.3,48.7,30.7,20.7,64.6,28.7,28,"28.2"
"Stallings, Jacob","607732","2023",".262",".288",".265","89.7","9.1",5.6,40.2,"98.748890698","93.710206784",59.4,12.8,22.6,48,86.6,40.4,22.6,40.9,34.1,36.3,29.6,60.9,27.4,21.2,"23.6"
"Ramírez, José","608070","2023",".359",".375",".338","90","18",7,40.4,"100.07775","94.35370079",67.2,8.8,28.2,30.2,91.2,42.6,15.6,46.6,49.6,30.5,19.9,54.6,28.5,26.3,"27.8"
"Bregman, Alex","608324","2023",".351",".344",".309","88.6","17.6",5.4,38.2,"98.071537732","93.248960689",61.1,8.7,18.6,30,91.3,41.7,14.1,38.7,40.8,37.1,22.2,60.7,31.1,25,"26.3"
"Gallo, Joey","608336","2023",".295",".454",".300","93","26.4",19.3,52.9,"104.361492143","97.127446835",71.6,34.3,25.9,68.2,65.5,42.8,44.3,47.1,57.9,21.4,20.7,60.4,41.4,14.3,"26.6"
"Kelly, Carson","608348","2023",".245",".281",".263","86.8","15.6",2.1,33,"97.454185918","92.779088763",63.8,25.4,26,42.9,74.1,42.8,30.2,45.6,33,39.2,27.8,59.6,25.8,22.7,"25.7"
"Seager, Corey","608369","2023",".412",".472",".383","93.3","13",15.2,53.2,"103.543493485","96.785948962",83.6,14.1,28.1,56,85.9,43.4,25,55.1,39,37,24.1,62,29.4,27.1,"26.2"
"Winker, Jesse","608385","2023",".287",".307",".293","86.8","13.6",4.3,31.9,"97.510447586","92.771752672",66.7,19.6,19.5,43.4,80.4,47.2,25.1,42.6,40.5,36.2,23.3,58.4,20.7,30.2,"23.5"
"Murphy, Tom","608596","2023",".351",".464",".377","89.5","13.7",14.6,44.7,"101.351947692","95.064785146",73.1,21.5,29.9,53.5,78.5,44.5,30.4,52.1,46.6,31.1,22.3,62.3,28.2,24.3,"26.0"
"Jankowski, Travis","608671","2023",".302",".293",".304","85.4","8.1",0,25.5,"95.420288039","91.716382549",58.4,10.3,16.1,29.1,88.3,43.2,14.1,38.2,30.8,39.4,29.8,59.6,18.8,23.6,"29.0"
"Refsnyder, Rob","608701","2023",".342",".358",".339","87.7","11.9",3.8,34.4,"98.411482208","93.313190455",61.1,19.6,18.6,34.8,80.4,42.4,23.1,40.1,39.5,40.8,19.7,58.4,19.7,29.9,"27.1"
"Meneses, Joey","608841","2023",".288",".329",".312","89.4","9.4",5.4,41.7,"99.929364091","94.237468244",64.7,14.2,31.5,42,85.8,41.5,23.6,47.6,39.5,33.1,27.5,62.4,19.2,25.8,"25.6"
"Swanson, Dansby","621020","2023",".345",".413",".350","89.3","13",10.9,39.7,"99.817409223","94.10753236",71.3,23.6,23.6,43.6,76.4,42.5,28.7,47.3,42.9,37,20.1,61.8,25.2,24.2,"28.4"
"Newman, Kevin","621028","2023",".311",".323",".317","86.5","12",2.5,29.3,"96.650571327","92.359183077",64.8,10.7,26.8,25.6,89.3,42.3,14.8,46.6,38.4,35.9,25.8,62.5,22.7,27.8,"28.0"
"Taylor, Chris","621035","2023",".312",".417",".350","86.2","21.5",9.8,37.4,"98.961485421","93.52875061",71.5,29.4,22.1,57.8,70.5,44.9,35.8,47.6,45.8,27.6,26.6,63.3,39.7,22.9,"28.3"
"Correa, Carlos","621043","2023",".330",".385",".341","90.4","10.6",9.6,45.9,"102.481230628","95.635527984",62.1,16.6,26.7,43,83.4,40.9,25.1,43.6,35.5,37.3,27.2,60.4,21.5,24.9,"26.6"
"Taylor, Tyrone","621438","2023",".304",".373",".322","87.7","18.2",6.8,39.5,"99.373020909","93.756534489",67.2,15.7,35.9,42.9,83.9,44.3,24.9,51.9,50.3,35,14.7,67.5,31.6,25.4,"28.8"
"Buxton, Byron","621439","2023",".316",".418",".332","91.5","20.1",14.6,45.7,"102.5176971","95.782166382",72.7,20.6,27.9,56,79.4,41,30.6,50,49.2,33.7,17.1,59.4,32.2,24.1,"29.3"
"Stewart, DJ","621466","2023",".339",".444",".354","89.9","16.5",12.3,44.3,"100.7570575","94.657703462",77.8,28.2,25.8,57,71.4,43.2,35.8,50.8,58.5,28.3,13.2,54.6,26.4,21.7,"26.3"
"Ward, Taylor","621493","2023",".338",".374",".327","90.7","14.3",8.2,43.9,"100.268469209","94.588852374",66.8,12.5,23.2,44.8,87.5,43.1,21.1,44.3,37.6,37.2,25.2,55.7,32.3,22,"28.0"
"Remillard, Zach","621545","2023",".219",".286",".297","85.7","11.9",1,20.4,"94.815706809","91.444496989",64.3,21.8,26.7,65.7,74.8,45,33.1,47.2,41.7,38.8,19.4,62.9,13.6,19.4,"28.4"
"Wisdom, Patrick","621550","2023",".339",".504",".370","92.7","21.7",20.1,54.7,"103.448312785","96.664593567",69.9,26.8,24.1,53.4,73.2,43.5,33.8,46.7,44.7,39,16.4,58.3,39.6,17.6,"27.7"
"Wendle, Joey","621563","2023",".263",".310",".301","89.2","3.8",3.4,39.4,"97.966208793","93.354777576",62.5,15,33.4,43.1,83.7,42,25,47.7,29.2,39.4,31.4,62.6,19.9,21.6,"27.8"
"Olson, Matt","621566","2023",".392",".470",".362","93.7","16.1",16.4,55.5,"104.825276757","97.314084392",71.5,24.4,26,37.6,75.6,42.4,28.4,46.8,36,40.2,23.8,55.9,34.4,20.9,"26.2"
"Duffy, Matt","622110","2023",".298",".331",".334","86.4","8.8",2.6,33.1,"96.70870961","92.368218506",64.8,15.8,28.9,41.6,84.2,44.2,23,48.1,32.5,39,28.6,68.9,19.5,26,"27.0"
"Margot, Manuel","622534","2023",".301",".331",".318","87.9","10.5",3.9,37.8,"99.699502578","93.924441765",69.3,16.6,31.4,41.4,80.8,42.1,24.2,50.5,39,33.6,27.4,60.4,20.8,24.3,"28.3"
"Reyes, Pablo","622569","2023",".310",".317",".300","88.1","14.7",4,36,"98.745577123","93.451553172",62,11.9,20.1,24.6,87.7,41.9,14.9,41.7,40,40,20,60.5,21.3,24.7,"27.9"
"Mateo, Jorge","622761","2023",".289",".349",".320","88.4","10.4",5.3,38.5,"100.431419748","94.295455274",68.1,15.4,33.9,50.6,82.5,40.4,27.8,50.3,38.1,36.9,25,60,25,22.5,"30.1"
"Ramírez, Harold","623912","2023",".319",".364",".337","89.1","6.1",4.6,40.7,"100.416096914","94.469777121",71.9,17.6,43.7,42.2,82.4,40.6,28.1,56.5,32.1,39.4,28.4,67.7,19.3,20.8,"27.8"
"Santander, Anthony","623993","2023",".319",".378",".319","90.6","20.2",10.2,46,"101.732013378","95.319994041",66.9,17.9,34.4,32.4,82.1,44.6,23.5,49,46,33,21,62.7,32.5,19.6,"26.7"
"Alonso, Pete","624413","2023",".368",".436",".332","89.5","18.2",14.7,40.1,"102.342134502","95.253955701",61.9,17.9,27.4,43.1,82.1,42.1,26.2,43.7,43.7,32.8,23.5,58.8,35.4,19,"26.0"
"Arroyo, Christian","624414","2023",".273",".332",".310","86.3","11.1",4.6,32.7,"97.619093067","92.82512",79.4,16.7,39.7,42.8,82.9,43.6,25.3,59.7,33.3,37.9,28.8,68,21.6,25.5,"27.7"
"Biggio, Cavan","624415","2023",".314",".360",".322","88.4","15.7",7.4,33,"97.7434156","93.0212046",61.5,15.5,15.9,58.5,84.2,43.5,23.8,39.7,41.4,36,22.7,61.5,30.5,22.7,"28.3"
"Conforto, Michael","624424","2023",".330",".377",".330","88.9","11.9",7.9,39.8,"100.09818404","94.217973543",69,17.4,24.3,43.7,82.6,42.8,24.9,45.3,31.6,43.4,25,61.8,27.3,22.4,"26.1"
"Frazier, Adam","624428","2023",".301",".319",".311","85.7","15.2",3.1,23.4,"95.278497399","91.650357101",67.2,11.4,28.7,38.2,88,42.5,19.2,48.3,36.3,37.1,26.6,58.7,25.1,29.7,"26.5"
"Trevino, Jose","624431","2023",".279",".293",".285","85.8","9.6",2.9,31.6,"97.021833971","92.547410667",55.1,10.1,37.3,24.6,89.2,43.2,16.4,45.6,34.6,39.7,25.7,63.7,16.2,25,"24.4"
"McGuire, Reese","624512","2023",".242",".296",".290","84","2.8",2.9,27,"95.837614394","91.965886641",64.5,17.4,41.9,31.3,81.4,44.1,22.9,53.2,35,37.2,27.7,67,13.9,26.3,"25.9"
"Soler, Jorge","624585","2023",".374",".458",".363","91.3","17.8",15,48,"103.053956467","95.950783079",66.7,19.5,25.6,44.9,80.5,41.7,27.6,44.1,46.6,35.7,17.7,56.7,31.6,24,"26.6"
"Sosa, Edmundo","624641","2023",".292",".362",".323","86.8","13.8",6.7,32.2,"98.656224369","93.335070971",75.8,21.5,43.1,40.5,78,42.9,28.4,59.5,47.1,33.2,19.7,66,23.6,24.5,"29.2"
"Ibáñez, Andy","628451","2023",".331",".379",".337","89.1","12.9",9,42.9,"99.890798819","94.208427735",70.4,12.8,35,40.5,87.2,44.1,22.6,51.8,34.9,39.4,25.6,62.7,26.6,21.8,"27.2"
"Cronenworth, Jake","630105","2023",".305",".327",".300","87.4","15.2",4.4,33.2,"97.73147257","92.917093417",67.1,9.4,26.4,33.7,90.1,44.3,15.9,47.6,35.4,37.3,27.2,60.7,29.2,26.2,"28.3"
"Azocar, José","640492","2023",".305",".378",".353","87","12.5",6.9,26.4,"98.189845758","93.173306308",70.6,16.8,46.3,31.8,82.3,42.6,23.4,57.4,37.5,30.6,31.9,73.5,19.4,23.6,"29.6"
"Anderson, Tim","641313","2023",".284",".345",".343","87.8","2",2.9,39.4,"99.22965129","93.713640376",71.5,17.7,35.3,40.9,82.3,41.5,25.3,53.5,29.5,42.9,27.6,65.6,10.7,26.8,"27.2"
"Bauers, Jake","641343","2023",".336",".485",".374","89.1","13.8",18.7,48.7,"102.0116428","95.506092133",66.1,24.4,24.6,58.2,75.6,43.5,33.3,45.8,41.3,35.3,23.3,56.6,32.7,22.7,"27.3"
"Bellinger, Cody","641355","2023",".327",".357",".321","87.9","17.2",6.1,31.4,"97.661544057","92.874372388",67.8,15,31,31.6,85,44.3,20.1,49.9,43.2,35.6,21.2,62.3,29.2,26.4,"28.3"
"Calhoun, Willie","641432","2023",".305",".314",".303","90.7","11.9",3.5,42.6,"99.883095","94.214082",57.4,10.1,22.5,29.7,89.9,43.6,15.7,39.7,36.5,45.2,18.3,50.7,20.9,30.4,"25.1"
"Crawford, J.P.","641487","2023",".340",".359",".339","88.3","15.1",4.8,36.2,"99.143101569","93.649442623",58.4,12.7,18.6,37.4,87,41.9,18.6,38.6,43.2,34.1,22.7,53.1,23.7,28,"26.7"
"Davis, Jonathan","641505","2023",".292",".368",".355","84.4","7.1",4.6,23.1,"95.155622188","91.794387937",64.5,22.5,22,40,76.8,43.7,26.8,43.7,35.4,35.4,29.2,64.4,21.5,24.6,"28.9"
"Delay, Jason","641511","2023",".263",".297",".288","83.8","12.3",3.2,23,"95.198788852","91.601636967",69.4,16.8,31.4,47.5,82.8,41.8,25.6,51.5,38.9,29.4,31.7,66.8,22.2,23,"26.4"
"Fraley, Jake","641584","2023",".328",".358",".330","84.6","16.5",6.4,30.8,"97.120245263","92.614906038",75.5,16.6,30.1,41.6,83.4,42.9,24.1,52,45.1,34.2,20.7,61.6,27.4,25.9,"28.0"
"Garver, Mitch","641598","2023",".365",".434",".353","90","20.5",12.6,42.1,"100.978311963","94.653887243",61.9,16.1,17.4,50.4,83.9,42.3,23.7,39.6,47.7,35,17.3,53.6,33.2,26.2,"25.7"
"Guillorme, Luis","641645","2023",".236",".266",".263","85.9","11.8",1.2,25.6,"95.16521675","91.660992405",59.3,9.8,23.3,37.5,88.8,43.9,17.6,41.4,23.2,39,37.8,53.3,25.6,25.6,"25.5"
"Hampson, Garrett","641658","2023",".291",".349",".341","86.6","11.8",3.1,28.3,"96.842874595","92.486054257",59.4,16.5,25.5,50.4,79.9,42.6,26.1,43.3,35.2,34,30.8,61.1,22.6,27,"29.8"
"Heim, Jonah","641680","2023",".324",".370",".325","89.2","17.3",8,38.5,"99.154937912","93.809775675",73.8,16.7,30.5,36.3,83.2,44.6,22.4,52,45.3,33,21.7,60.3,29.9,26.1,"25.8"
"Mancini III, Trey","641820","2023",".272",".346",".319","88.9","12.3",3.8,40.6,"99.887541875","94.139181069",68.6,24.4,31.3,50,75.6,43.9,32.7,49.5,35.6,37.5,26.9,61.1,21.3,24.4,"25.4"
"McKinney, Billy","641856","2023",".346",".430",".347","89.1","12.2",12.2,41.1,"99.630086889","94.008399667",66.5,21,21.3,54,79,42.8,28.6,44.7,48.9,32.2,18.9,54.8,31.1,24.4,"27.1"
"McMahon, Ryan","641857","2023",".335",".452",".379","90.8","9.7",11.4,44.2,"102.017798324","95.343043101",67.6,26.4,25.4,49.1,73.6,45.3,32.2,47.4,33.9,38.6,27.5,61.8,28.1,26.1,"25.8"
"O'Neill, Tyler","641933","2023",".337",".411",".348","89.2","15",12.3,43.3,"101.468190235","94.898490824",66.7,18.5,25.3,49.6,81.5,42.7,27.8,44.9,35.7,42.1,22.2,64.7,29.8,19.9,"28.5"
"Palacios, Joshua","641943","2023",".318",".383",".336","91.3","7.7",9.8,45.4,"101.193022979","95.127376383",72.5,20.7,30.2,42.1,79.3,43.6,26.7,52,41.2,39.2,19.6,58,25.3,23.2,"28.2"
"Smith, Dominic","642086","2023",".320",".338",".310","86.3","12.8",6.6,30.8,"97.225088721","92.631850959",68.7,13.8,30.3,33.2,86.2,42.1,19.9,49,36.1,38.6,25.3,64.6,25.8,26.3,"25.8"
"Tellez, Rowdy","642133","2023",".306",".365",".329","89.9","15.2",8.7,40.4,"101.162097826","94.892917074",52.9,14.6,24.2,37.9,85.4,43.9,21.9,38.5,35.7,40.9,23.5,57.4,30.4,23.9,"23.5"
"Thaiss, Matt","642136","2023",".331",".400",".340","88.5","9.2",10.4,40.7,"100.494365275","94.474114254",72.3,29,19,51.7,70.5,43.9,33.6,46,37.9,35.2,26.9,57.8,27.5,24.2,"24.7"
"Mejía, Francisco","642336","2023",".243",".296",".271","87.5","18.9",4.3,32.2,"96.966115088","92.522121228",71.2,16.7,48.8,29.5,83.3,42.8,22.1,59.5,47.8,34.8,17.4,70.6,27,24.3,"26.3"
"Siri, Jose","642350","2023",".298",".441",".342","88.4","14.4",13.2,37.7,"100.583268942","94.368878077",69.7,29.6,37.9,57.7,70.2,41.8,40.1,53,45.8,34,20.3,65.1,34.4,20.3,"29.7"
"Rosario, Amed","642708","2023",".305",".347",".336","88.3","7.6",3.4,39.4,"99.501582705","93.941784576",69.2,14.3,39.4,36.8,85.7,42.2,23.1,53.4,30.4,40.6,29,67.2,18.1,27.1,"29.4"
"Adames, Willy","642715","2023",".335",".406",".341","87.4","18.2",12.4,36.5,"99.086365635","93.664258959",71.5,20.7,31.8,50.6,79.3,41.8,31,50,45.2,36.3,18.5,60.6,31.5,22.3,"27.6"
"Estrada, Thairo","642731","2023",".292",".350",".328","85.9","10.8",4.8,33.7,"97.898139565","92.983630679",67.3,10.4,38,37.8,88.4,43.1,21.1,51.7,44.3,32.9,22.8,65.8,22.3,25.5,"28.1"
"Wynns, Austin","642851","2023",".224",".262",".259","86.7","14.4",2.1,27.4,"95.852031111","91.950941444",65.3,24.2,28.5,37.5,75.8,42.1,27.8,48.2,36.8,34.7,28.4,64.8,20,23.2,"24.7"
"Benintendi, Andrew","643217","2023",".310",".327",".319","86.6","14.5",2.9,27,"95.498075212","91.757391695",70.4,16,26.6,28.4,83.8,43.1,19.3,49,29.8,41.3,28.9,61.9,26.6,28.5,"27.3"
"Cooper, Garrett","643265","2023",".318",".418",".366","89","13.3",10.3,41.1,"100.493592808","94.333162534",66.9,20.2,39.5,46.2,79.8,41.9,30.7,52.4,34.6,40.4,25,67,25.3,28.1,"26.3"
"Dubón, Mauricio","643289","2023",".303",".334",".322","87","9.5",4.5,29.5,"96.983512626","92.50482157",76.1,13.9,40.7,24.3,85.2,42.2,17.5,58.6,31.3,38.8,30,68.7,22.5,27.8,"28.1"
"Jansen, Danny","643376","2023",".316",".350",".285","88.3","19.7",10.7,37.4,"98.938626373","93.548218775",69.4,16.1,25,41.1,83.9,40.6,22.9,46.8,51.5,28.6,19.9,58.7,35.9,18.4,"27.1"
"Kemp, Tony","643393","2023",".297",".271",".270","86.7","10",1.2,20.4,"94.699737436","91.482675737",66.1,11.1,23.7,25.1,87.9,41.5,14.5,46,44.1,39.2,16.7,61.8,25.2,21,"26.2"
"Kiner-Falefa, Isiah","643396","2023",".295",".326",".320","88.8","7.2",3.1,39.2,"99.088839688","93.71146918",61.2,11.7,26.5,40.3,87.7,40.4,19.6,44.9,32.3,41.2,26.5,61.8,20,26.2,"27.7"
"McNeil, Jeff","643446","2023",".294",".285",".281","86","14.4",1.3,27.4,"95.984354131","92.004150754",75.9,7.4,29.9,28.8,91.9,42,13.4,53,37.5,35.4,27.2,63.4,22.1,25.7,"27.4"
"Tauchman, Mike","643565","2023",".345",".380",".355","88.4","8.1",5.5,40,"99.326329764","93.849149016",64.5,18.9,18.8,43.8,80.9,43.2,24.5,41.8,32.9,36.5,30.6,57.4,19.6,29.8,"27.3"
"Chang, Yu","644374","2023",".258",".352",".309","88.8","9.8",5.5,38.4,"100.367177429","94.607704058",70.9,16.5,35.5,72.3,81.3,40.6,34.3,53.8,50.7,27.4,21.9,65.2,28.8,20.5,"28.2"
"Albies, Ozzie","645277","2023",".340",".375",".322","88.7","16.6",8.2,39,"98.667615565","93.481568303",77.8,13.3,35.1,34.1,86.6,39.3,20.6,54.6,51.7,31.6,16.7,56.8,33.8,23.7,"27.6"
"Robles, Victor","645302","2023",".322",".323",".319","86.7","9.9",2.2,30.1,"98.782711395","93.526191163",81.1,17.6,27.4,32.3,81.3,41.9,21.6,53.1,36.6,34.4,29,65.1,19.4,19.4,"28.0"
"Herrera, Jose","645444","2023",".260",".290",".298","85.9","11.3",0,19.5,"94.392826389","91.196413194",58.3,14.6,17.2,36.6,84.2,46.1,19.1,39,48.1,26,26,62.5,22.1,27.3,"25.4"
"Ford, Mike","645801","2023",".315",".413",".324","88.8","21",17.3,44.6,"101.141524429","94.781977914",64.6,19.6,22.9,58.1,80.4,42.7,30.4,42.7,43.9,36.7,19.4,56.6,35.3,19.4,"24.5"
"Devers, Rafael","646240","2023",".380",".441",".361","93.1","12.4",12.7,55.1,"104.483705833","97.182864659",77.1,23.8,32.5,30.7,76,42.3,26.1,52.6,35.9,39.8,24.3,59.6,28.4,20.6,"26.0"
"Naylor, Josh","647304","2023",".346",".382",".341","89.1","12.3",8.2,41.2,"100.627346359","94.477601234",76.3,11.7,39.5,33.3,88.3,41.4,19.8,56.5,39.4,33.8,26.9,63.6,25.6,23.8,"25.8"
"Díaz, Aledmys","649557","2023",".271",".304",".295","87.8","11.3",2.8,33.5,"97.951582698","93.010438968",70.2,14.5,34.3,39.3,85.5,42.2,22.3,52.8,40.2,37,22.8,67.3,18.1,25.2,"26.0"
"Urías, Luis","649966","2023",".297",".292",".255","84.9","14.7",5.8,30.1,"96.082011923","92.126535243",55.6,18.1,24.3,45.1,81.4,41.6,26.4,39.8,49.5,31.1,19.4,62.7,30.1,13.6,"26.0"
"Arraez, Luis","650333","2023",".354",".358",".349","88.3","11.5",3.5,25.7,"95.658900664","92.009454214",68.6,5.8,31.8,12.5,93.8,42.8,7.8,51,26.8,41.2,32,60.6,24.1,31.3,"26.1"
"Jiménez, Eloy","650391","2023",".314",".364",".323","90.9","5.7",9.3,46.8,"103.173051209","95.996060413",71.3,18.1,36.6,47.6,81.9,38.6,29.7,52,36.4,40,23.6,67,19.7,20,"26.5"
"Torres, Gleyber","650402","2023",".362",".385",".337","89.7","15.1",7.9,40.3,"99.649800996","94.055057585",68.9,16.4,25.9,35.4,83.7,42.8,21.8,46.8,33.9,39.3,26.6,62.1,30.6,24.8,"26.4"
"Castro, Willi","650489","2023",".304",".350",".321","86.5","15.1",6.8,31.8,"98.698827717","93.374549289",69,17.8,34.6,47.5,81.9,42.6,27.9,51.6,38.6,34.8,26.5,64.2,26.1,23.5,"28.6"
"Díaz, Yandy","650490","2023",".383",".413",".372","93.4","5.7",9.5,54,"104.285177685","97.074568747",65.5,11.9,19.7,39.5,88.1,40.9,18.3,42.6,27.7,44.3,27.9,59.2,20.8,23.8,"26.6"
"De La Cruz, Bryan","650559","2023",".331",".405",".362","89.9","11.8",8.8,42.5,"100.272527091","94.400399818",68.2,21.7,34.3,40.6,78.3,42.3,28.7,50.1,34.4,38.9,26.7,63.6,24.9,29.4,"27.7"
"Rengifo, Luis","650859","2023",".323",".351",".312","89.1","11",7.6,36.9,"98.941377179","93.617089135",74.5,16.8,28.7,42.5,83.1,40.5,24.5,50.1,39.2,36.7,24.1,65.2,28.2,19,"27.4"
"Pinto, René","650907","2023",".329",".480",".383","90.5","16.9",15.9,40.6,"100.105437143","94.478489275",76,32.1,29.9,56.6,67.9,39.9,38,55.5,43.5,30.4,26.1,67.6,31.9,30.4,"26.9"
"Monasterio, Andruw","655316","2023",".308",".346",".323","88.8","17.7",5.5,33.5,"97.113217523","92.687779124",61,15.8,22.3,38.8,83.8,41.9,21.7,42.1,33.9,38.5,27.5,56.5,27.5,29.8,"28.0"
"Adams, Riley","656180","2023",".281",".353",".324","89.9","18.1",5,41,"101.2133664","94.80910202",71.2,17.7,34.4,50.5,81.8,41.1,28.3,52.9,41,26,33,70.3,25,34,"26.2"
"Chapman, Matt","656305","2023",".337",".426",".341","93.4","18.5",17.1,56.4,"103.539639884","96.813201603",66.6,27.2,18.9,45.6,72.8,42.7,31.1,43.3,36.7,37.9,25.4,60.5,30.6,23.1,"28.5"
"Fairchild, Stuart","656413","2023",".314",".377",".334","85.9","14.3",7.7,29.7,"97.468722267","92.766466376",75.6,24.9,24.4,64.3,75.1,42.2,33.9,51.1,51,27.1,21.9,65.9,28.4,23.9,"29.2"
"Garrett, Stone","656448","2023",".345",".461",".403","91.1","17.3",9.6,48.4,"102.21494641","95.483708974",75.1,23.8,33.6,49.2,76.2,43,32.6,52.8,33.1,39.5,27.4,65.3,29.3,29.9,"28.5"
"Joe, Connor","656582","2023",".329",".377",".338","88.9","16.7",8.2,41.8,"100.015548477","94.249815814",59.1,17.3,19.6,43,82.7,44.2,23.6,39.5,37.2,38.8,24,64.2,25.3,28,"27.1"
"McKinstry, Zach","656716","2023",".312",".359",".325","87.2","17.8",7.6,33.5,"97.726678239","92.940971652",68.1,11.8,27.1,40.3,87.3,40.8,20.4,47.3,30.6,40.4,28.9,57.5,34,26.1,"28.5"
"Mullins II, Cedric","656775","2023",".289",".327",".300","88.9","21.6",6.5,37.1,"98.843959934","93.556146126",70.8,18.9,26.7,41.5,80.2,42.5,24.8,49.6,44.5,36.8,18.7,65.4,31.3,19,"28.0"
"O'Hearn, Ryan","656811","2023",".321",".397",".340","91.9","12",10.1,51.5,"101.483905448","95.348954007",72.1,13.9,30.9,43.3,86.1,42.7,23.3,50.7,38.4,34,27.6,63.5,27.6,23.9,"27.7"
"Rivera, Emmanuel","656896","2023",".312",".355",".333","90.7","11.2",5.9,46.3,"100.267371553","94.647965854",68.6,16.3,27.1,50,83.7,40.7,26.7,46.7,32.2,40,27.8,60.1,24.9,28.3,"27.1"
"Schwarber, Kyle","656941","2023",".364",".460",".345","92.4","19",16.4,48.8,"103.398490108","96.18179379",55.8,22.5,21.6,52.1,77.1,42.8,31.5,37.7,52.5,32.7,14.7,57.1,33.8,20.1,"25.0"
"Smith, Pavin","656976","2023",".330",".342",".298","89.9","13.8",7.5,41.8,"99.896326164","94.182208207",58.1,10.2,23.2,44,89.8,44.3,20.1,40.4,32.9,46.6,20.5,55.3,26.7,21.9,"26.2"
"Thomas, Lane","657041","2023",".319",".403",".351","88.5","10.8",9.6,40.7,"100.191573957","94.319062004",61.1,12.6,27.2,44.7,87.4,41.1,23,43.6,47.7,33.3,19,60.4,23.5,25.9,"29.3"
"Verdugo, Alex","657077","2023",".331",".358",".335","89.2","8.8",5,37.6,"99.116993728","93.701176864",57.5,8.2,22.2,37.4,91.7,44.7,15.6,40.9,34.9,39.5,25.5,58.4,23.1,27.1,"27.3"
"Wong, Connor","657136","2023",".274",".378",".329","89.1","15.5",9.1,37.8,"100.083071271","94.144066723",70.7,22.5,34.5,52.9,76.2,44.7,32.3,52.8,42.7,33.6,23.7,66,25.3,22.4,"28.3"
"DeJong, Paul","657557","2023",".278",".368",".325","85.5","16.8",6.7,33.2,"97.657692047","92.870460632",71.3,23.9,35.8,57.3,76.1,43,35.4,53.2,43.9,26.1,30,68.3,28.1,21.7,"26.8"
"Laureano, Ramón","657656","2023",".307",".381",".339","88.2","12.9",9.7,35.9,"98.923313496","93.530379634",66.1,16.3,27,60.9,83.5,42.3,29,46.8,42.3,31.5,26.2,61.9,25.4,21.8,"27.9"
"Sheets, Gavin","657757","2023",".267",".291",".263","88.1","16.9",5.2,32.5,"98.4138068","93.281118675",68.1,14.3,29.7,36,85.7,41.8,21.7,47.4,47.4,31.7,20.9,56.4,26.1,23.7,"26.5"
"Olivares, Edward","658668","2023",".338",".377",".330","87.3","12.2",7.9,37.7,"99.121503973","93.605326233",70.8,13.5,31,44.1,86.5,40.7,22.9,50.7,42.1,32.2,25.7,64.6,24.7,22.9,"28.6"
"Moncada, Yoán","660162","2023",".314",".425",".377","89.4","12.3",10.1,39,"99.983863509","94.177039383",66.1,21.1,28.2,52.5,78.9,43.5,30.7,46.8,44.3,35.1,20.6,63,23.7,29.8,"26.4"
"Ohtani, Shohei","660271","2023",".427",".543",".412","94.4","13.2",19.6,54.2,"105.748559101","97.769057809",70.5,24,29.7,48.5,76,42.5,32.3,48.2,37,37.8,25.2,57.9,30.3,22.7,"27.8"
"Acuña Jr., Ronald","660670","2023",".460",".493",".411","94.7","7.4",15.3,55.2,"106.368689571","98.157029125",70.7,14.4,22.6,31.8,85.6,40.7,18.7,46.2,37,40,23,58.7,22.4,26.2,"28.0"
"Ruiz, Keibert","660688","2023",".322",".333",".308","87.4","15.3",5.8,31.9,"97.263733176","92.681495075",66.6,8,36.5,25.1,92,43.1,14.3,51.1,45.2,36.2,18.6,60.1,24.6,26.1,"25.1"
"Montero, Elehuris","660707","2023",".254",".363",".330","88.3","9.9",6.8,44.3,"101.047431818","94.674275852",65.7,20.3,43.2,61.8,79.7,39.6,39.3,53,39.8,35.2,25,68.4,23.3,25,"26.6"
"Gonzalez, Oscar","660757","2023",".271",".349",".322","88.5","6.4",7.8,40.6,"100.566461094","94.38657622",71.2,21.6,48.8,41,78.4,42.2,30.4,59,30.5,39.1,30.5,68.9,21.1,23.4,"28.0"
"Sánchez, Jesús","660821","2023",".353",".449",".383","90.4","5.6",12.2,46.3,"103.172158492","95.857175913",68.8,21.1,31.4,47.5,78.9,43.5,30.1,48.9,32.9,33.7,33.3,55.1,18,26.3,"27.5"
"Contreras, William","661388","2023",".335",".379",".331","91.3","4.7",9.4,48.7,"103.241329369","96.097846496",62.6,21,24.7,44.6,79,42.7,28,43.2,32.6,39.6,27.8,60.9,20.4,19.9,"26.5"
"Varsho, Daulton","662139","2023",".302",".357",".312","87.8","20.5",7.3,36.1,"99.853027513","94.005486074",70.6,16.9,28.1,44.9,81.8,44.4,24.5,50.1,48,30.6,21.5,61.3,31.1,21.5,"28.1"
"Perkins, Blake","663368","2023",".279",".312",".287","85.8","14.8",5.1,29.3,"96.112014167","92.145352105",55.3,18.8,16.8,37.3,79.7,42.5,22.9,36.7,38.4,29.3,32.3,56.5,29.3,16.2,"30.0"
"Nootbaar, Lars","663457","2023",".356",".390",".345","89.1","7.2",8.8,37.8,"100.334219085","94.369985457",53.4,13.2,17.1,34.3,86.1,45.2,18.2,35.5,32,42.9,25.1,55.3,23,22.4,"27.8"
"Nevin, Tyler","663527","2023",".305",".329",".289","89.3","13.7",7,38,"98.360963056","93.498421127",69,17,22.7,41.2,83,39.9,22.7,46.6,28.2,38,33.8,67.6,33.8,14.1,"25.7"
"Hoerner, Nico","663538","2023",".311",".313",".314","86.6","10.5",1.8,33.4,"97.320472852","92.695131651",60.5,6.7,30.5,24,93,41.4,12.4,45.6,30.6,40.6,28.8,62.2,20.3,25.5,"28.5"
"Riley, Austin","663586","2023",".365",".452",".372","92.3","13.5",13.9,49.2,"103.384251814","96.274145591",69.9,20.9,27.3,44.6,79.1,40.9,27.8,48.2,38.7,37.9,23.4,61.2,28.6,23.8,"28.1"
"Madrigal, Nick","663611","2023",".294",".291",".302","86.2","3.7",0.8,27.5,"95.88199459","91.943884016",59.5,4,29.6,20.9,95.7,42.4,9.4,45,29.9,44.2,25.9,59.5,16.7,23.5,"28.0"
"Larnach, Trevor","663616","2023",".323",".443",".352","90.1","17.5",13.3,49.6,"101.88501386","95.488486549",63.5,24.5,23.1,62.7,75.5,40,36.5,41,38.9,42.5,18.6,55,38.1,23,"26.7"
"Mountcastle, Ryan","663624","2023",".356",".433",".361","91.4","12",12.1,44.9,"102.167820745","95.45427677",73.6,17.5,38.7,45.6,82.5,41.9,28.3,54.7,31.3,39.3,29.4,66.7,26.3,25.1,"28.2"
"McKenna, Ryan","663630","2023",".276",".347",".329","91","13",6.9,40.2,"100.293034146","94.525848049",76,20.2,31,66.7,77.2,41,33.9,53.2,33.3,39.1,27.6,69.8,27.6,21.8,"28.7"
"Hayes, Ke'Bryan","663647","2023",".324",".385",".347","92.2","13.2",7.4,48.3,"101.67326359","95.450846324",61,10.7,30.7,41.2,89.3,42,21.2,45.6,27,41.7,31.3,61.5,26.2,24.9,"27.1"
"Tucker, Kyle","663656","2023",".386",".412",".346","90.2","14.8",10.6,45.9,"100.798373008","94.831132546",71.8,12.6,21.6,38.7,87.3,43.1,18.5,47,44.1,32.7,23.2,62.5,32.7,24.2,"26.6"
"India, Jonathan","663697","2023",".339",".374",".329","89.5","15.2",7.7,38.6,"99.676934286","94.0396352",56.9,15.2,19.6,42.3,84.8,43,22,38.6,41.5,31.3,27.3,58.8,29.3,24.7,"27.8"
"Raleigh, Cal","663728","2023",".330",".422",".336","89.5","20.3",12.6,41,"101.028271404","94.749354873",70.9,21.2,31.4,47,78.8,41.3,29.9,49.7,50.8,29.2,19.9,57.6,35.1,22.2,"27.0"
"Fortes, Nick","663743","2023",".266",".288",".267","88.2","13.9",3.8,35,"98.518887881","93.393950383",65.3,11.1,25.6,30.6,87.6,40.8,16.5,45.5,40.8,36.7,22.5,62.2,25,17.9,"27.6"
"Grisham, Trent","663757","2023",".322",".385",".325","90.3","18.3",11.9,40,"100.701927386","94.880503967",60.3,22.1,21.6,46.5,76.6,43.4,28.3,41.6,43.8,33.8,22.5,55.1,28.1,23.8,"27.7"
"Vierling, Matt","663837","2023",".322",".371",".348","89.1","9.1",4.6,42.8,"100.577331105","94.490701519",59.1,13.2,28.5,33.1,86.5,42.7,19.3,44.3,32,34.4,33.6,64.3,20.3,23.8,"29.1"
"Rivas III, Alfonso","663845","2023",".282",".350",".320","89.2","11.1",6.7,38.7,"99.241921351","93.848616164",60.8,17.8,22,57.1,81.6,44.8,27.4,42.7,36,37.3,26.7,59.3,29.3,30.7,"26.9"
"Stephenson, Tyler","663886","2023",".314",".385",".343","89.4","8.9",7.6,43.5,"100.030744788","94.357020636",61.8,19.7,24.1,50,80.3,43.4,28.4,42.5,36.6,35.6,27.8,63.8,23.3,24.5,"26.9"
"Rodgers, Brendan","663898","2023",".321",".378",".333","88.3","4.8",10.9,40.1,"99.673456471","93.922127574",65.4,14.2,30,51,85.8,43.2,25.4,48.1,29.9,45.3,24.8,63.5,23.4,20.4,"26.3"
"Lowe, Nathaniel","663993","2023",".339",".386",".356","89.8","7.2",6.5,41.6,"101.145951991","94.820277484",67.2,14.1,20.8,41.4,85.9,43.6,20.6,43.8,28.4,41.9,29.7,56.5,20.2,26.7,"27.3"
"Happ, Ian","664023","2023",".350",".392",".345","89.9","13",9,39,"99.676936326","94.121891884",66.9,18.3,22.9,44.6,81.4,44.6,25.2,44.4,37.2,36.7,26.1,59.5,25.6,25.6,"27.7"
"France, Ty","664034","2023",".342",".367",".336","87.5","13.7",6.8,38.6,"99.277871319","93.765945224",74,10.9,33.3,45.1,89.1,44,21.9,53.2,39.7,38.6,21.7,60.6,23.1,26.5,"25.0"
"Lowe, Brandon","664040","2023",".341",".420",".342","91.4","16",10.7,47.5,"101.419435954","95.219077088",75.3,19.6,30,60.4,80.4,42.4,32,51.6,47.1,37.9,14.9,65.6,30.7,20.3,"27.3"
"Bader, Harrison","664056","2023",".288",".321",".289","85.9","17.8",5.3,31.7,"97.622516107","92.819025115",63.3,13.6,35.6,41.9,86.1,39.7,24.6,48.5,38.5,37.4,24.2,59.3,30.9,21.5,"28.8"
"Haggerty, Sam","664059","2023",".324",".318",".327","85.9","12.1",1.3,26.7,"96.15900973","92.082525811",73,15.1,24.9,39.6,84.9,43.3,21.6,48.2,48,28,24,65.7,21.3,28,"29.2"
"Moore, Dylan","664238","2023",".317",".430",".330","89","21.4",16.9,44.9,"100.440584889","94.544615618",63.5,23.5,28.5,55.7,76.5,43.3,33.4,46,44.9,34.8,20.2,61.8,30.3,25.8,"27.7"
"Straw, Myles","664702","2023",".272",".293",".300","86.3","9.4",0.5,23.3,"95.141368287","91.593212265",60,11.4,23.9,22.4,88,43.7,14,44,23.9,40.3,35.8,62.9,20.7,25.5,"29.2"
"Isbel, Kyle","664728","2023",".289",".331",".307","89.4","14.6",5.5,39.8,"99.280896261","93.847228522",63.5,11,28.7,43.2,89,44.5,20.5,46.9,36.9,39.4,23.7,61.3,26.3,21.6,"27.6"
"Bohm, Alec","664761","2023",".343",".377",".345","89.4","11.1",5.7,41.7,"100.435445021","94.400147213",68.9,11.9,30,32.8,88.1,43.5,18.1,49.8,28.3,42.1,29.6,60.2,23.8,28.5,"26.6"
"Wade Jr., LaMonte","664774","2023",".363",".386",".337","88.4","17.4",9.1,39.8,"99.530093174","93.945744444",62,12.4,17.9,48.4,87,41.2,20.7,39.5,43,30.7,26.3,59.1,28.7,23.7,"26.0"
"Zavala, Seby","664874","2023",".246",".348",".313","87.5","14.9",5.5,36.7,"97.657285556","92.931823645",71.2,26.5,36.3,63,72.8,41.5,38.4,54.3,41.3,40.4,18.3,68.9,30.3,23.9,"26.4"
"Brown, Seth","664913","2023",".322",".408",".334","90.5","16.4",12.2,46.5,"101.550084098","95.093750082",71.3,17.5,31.1,60.3,82.1,42.7,31.3,50.3,42.9,35.5,21.6,59.9,34.7,20.4,"27.3"
"McCarthy, Jake","664983","2023",".293",".319",".313","85.3","7.5",2.3,23.7,"95.717509423","91.881453188",71,11.4,31.6,44.4,86.3,46.4,21.7,51.1,40.2,30.1,29.7,63.5,19.2,21,"30.0"
"Clemens, Kody","665019","2023",".268",".337",".310","90.4","15.2",6.1,40.4,"99.1065508","94.157477879",63.4,20.7,30.1,44.8,78.8,38.9,27.9,47.6,40.4,38.4,21.2,62.2,30.3,24.2,"27.5"
"Walsh, Jared","665120","2023",".225",".300",".262","86.1","18.4",6.8,32.2,"98.135964828","93.156894386",66.2,36.1,27.4,66.2,63.3,43.1,45.3,46.2,57.6,22,20.3,57.8,28.8,25.4,"26.2"
"Maton, Nick","665155","2023",".285",".310",".269","86.1","18.2",8.4,31.5,"97.063386705","92.575397771",67.5,23.3,25.9,49.1,76.2,42.1,31.2,45.1,37.4,36.9,25.7,61.4,40.8,17.3,"27.2"
"Peña, Jeremy","665161","2023",".305",".348",".334","88","5.5",4,35.8,"99.143524796","93.690137489",73.2,13.3,35.9,54.9,86.4,41.4,28.3,53.2,41.8,35.6,22.7,64.1,18.9,22.9,"29.4"
"Tatis Jr., Fernando","665487","2023",".364",".439",".371","91.9","11",11,49.3,"102.94128633","96.024566651",78.7,22.5,32.3,47.9,77.2,43.9,30.5,54.1,39.5,42.7,17.8,63.1,25.1,21.2,"29.3"
"Guerrero Jr., Vladimir","665489","2023",".378",".408",".359","92.1","10.5",11.1,49.2,"104.050992964","96.528144743",74.2,15.3,28.8,41.1,84.7,41.5,23,50.6,38.3,39.9,21.7,62.1,21.7,26.1,"26.4"
"Soto, Juan","665742","2023",".408",".446",".367","93.2","6.7",13,55.3,"104.484350409","97.215905977",57.8,14.2,16.6,39.5,85.5,41.8,20.4,35.8,35.5,43.1,21.3,55.5,25.2,18.9,"26.8"
"Taveras, Leody","665750","2023",".319",".379",".352","90.1","10.2",7.2,43.1,"100.592817638","94.514120854",70.9,16,28.2,44.5,83.3,41.8,24.2,49.4,28.7,42.1,29.2,62.6,22.7,26.4,"29.1"
"Amaya, Miguel","665804","2023",".332",".381",".332","87","18.6",9.7,33.3,"98.56994087","93.346325055",64.4,17.4,28.2,50,82.1,41.7,27.3,46.3,40.9,34.4,24.7,60.3,35.5,18.3,"26.0"
"Cabrera, Oswaldo","665828","2023",".259",".291",".276","87.8","13.4",3.5,32.5,"97.733755636","92.964070727",71.9,16.6,27.8,42.4,83.1,45.1,23.5,50.5,35.9,35.9,28.1,59.6,26.4,16,"27.8"
"Valdez, Enmanuel","665839","2023",".305",".381",".322","87.5","10.2",10.8,33.7,"97.841454706","92.995234653",59.7,17.4,28.7,38.5,82,46.9,24.3,43.8,33.3,46.1,20.6,53,26.5,23.5,"26.4"
"Chisholm Jr., Jazz","665862","2023",".307",".415",".337","90.3","10.7",12.2,41.8,"101.207728421","95.01360943",64.4,26.6,27,55.8,71.7,44.9,35.7,44.9,41.4,35.9,22.8,59,27.8,16.9,"28.4"
"Ruiz, Esteury","665923","2023",".271",".304",".299","82.7","9.9",2.5,20,"93.969654118","91.300618171",69.9,16.7,34.5,41.4,79.4,42,25.1,51.9,38,33.8,28.2,66.5,20.3,21.4,"29.6"
"Giménez, Andrés","665926","2023",".297",".327",".306","84.8","13.1",5.5,27,"96.663934128","92.344201908",71,18,40,35.9,80.4,42.3,25,54.6,40,36.1,23.9,59.8,22.1,21.9,"29.2"
"Aranda, Jonathan","666018","2023",".276",".321",".293","89","8.4",5.3,43.9,"98.83416931","93.60544",59.4,22,31.4,42.1,78,40.3,29.6,44.3,49.1,24.6,26.3,61.8,19.3,19.3,"26.1"
"Fermin, Freddy","666023","2023",".333",".401",".357","89.9","11.7",9.9,42.7,"99.612583571","94.265238631",80.8,16.3,30,44.4,83.1,44.6,24.3,54.6,40.4,37.4,22.2,67.2,21.1,25.7,"27.1"
"Jones, Nolan","666134","2023",".362",".477",".379","90.1","9.8",15.7,41.3,"102.433112521","95.472742017",57.5,28.3,26.1,39.6,71.5,43,31.9,41.6,34.7,33.1,32.2,57.8,29.3,23.1,"28.4"
"Kirilloff, Alex","666135","2023",".334",".403",".362","88.6","12.4",7.4,37.7,"98.668669706","93.556002892",64.8,17.4,33,44,82.6,42.2,27.6,47.3,32.8,37.3,29.9,60.1,26.5,31.9,"27.2"
"Lowe, Josh","666139","2023",".341",".433",".373","89.1","14.3",11,39.7,"100.551784971","94.421078622",73.3,22,35.7,45,78,43.3,30.2,53.3,30.4,41.7,27.8,62.5,29.3,25.5,"28.7"
"Fletcher, Dominic","666150","2023",".263",".309",".294","89.7","8.5",4.1,39.7,"98.576652222","93.730650845",64.9,13,33.1,39,85.5,38.4,21.1,50,34.2,45.2,20.5,64.4,24.7,20.5,"26.4"
"Moniak, Mickey","666160","2023",".308",".466",".392","89","19.7",12.6,39.2,"100.288235","94.38207288",78.4,27.7,46.7,55.4,71.8,40.9,38.5,61.7,45.5,34.3,20.2,68,31.3,28.3,"28.6"
"Sabol, Blake","666165","2023",".280",".383",".320","89.1","16.1",11.2,38.6,"100.063637128","94.216608032",75.6,27.7,28.1,56.9,69.4,44.1,35.4,52.3,36,36,27.9,63.1,28.9,17.8,"27.4"
"Benson, Will","666181","2023",".321",".417",".360","90.2","14.6",10.3,42.2,"100.059735699","94.448386703",65.9,23.6,19.4,58.3,76.2,42.6,31.5,42.8,38.4,43.2,18.4,56.8,28.1,27,"28.8"
"Bichette, Bo","666182","2023",".363",".434",".390","90.2","6.2",9.6,44.9,"101.736681894","95.184330552",77.1,13,36.4,38,87,42.1,21.1,56.6,25.8,33.7,40.5,62.9,18.8,30.9,"27.1"
"Carlson, Dylan","666185","2023",".318",".335",".301","89.3","15",5.8,37.6,"98.393567326","93.357659942",68,17.5,24.9,36.1,82.5,43.8,22.6,46,32.9,41.6,25.4,60,26.6,22,"27.6"
"Naylor, Bo","666310","2023",".309",".342",".295","87.7","21",8.2,30.8,"97.298027397","92.697509448",66.5,15.1,23.9,39.2,84.9,44.8,21.8,44.5,38.4,34.2,27.4,55.9,28.1,27.4,"27.4"
"Julien, Edouard","666397","2023",".345",".443",".372","89.5","8",13.1,44.9,"100.916636636","94.651510141",61.3,22.2,14.3,58.1,77.6,40.4,29.1,37.6,40.2,31.3,28.5,59.6,22.4,26.6,"27.0"
"Morel, Christopher","666624","2023",".343",".469",".375","92.1","12.4",15.9,50,"103.542229453","96.326775098",71.9,28,28.9,58.1,72,42.8,37,49.8,51.6,32.9,15.5,62.9,29.5,20.5,"28.6"
"Castro, Rodolfo","666801","2023",".268",".321",".280","87.2","7.6",7.8,35.1,"99.104106883","93.615443987",68.5,21.7,27.4,60,77.2,40.6,32.9,47.6,51.9,29.2,18.8,58.2,22.1,13.6,"27.3"
"Alu, Jake","666906","2023",".283",".338",".326","88.6","5.1",2.5,33.3,"97.481260847","92.79926094",66,20.3,32.9,39.8,79.2,46.6,26.5,50,40.8,38.3,20.8,63.4,17.5,25,"28.1"
"García, Adolis","666969","2023",".366",".471",".363","92.1","15.7",16.1,49.7,"102.949539534","96.163808523",71.5,23.5,29.3,48.3,76.5,42.2,31.6,48.6,39.6,35.5,24.9,57.6,36,20.5,"27.3"
"Gurriel Jr., Lourdes","666971","2023",".324",".367",".325","89.7","10.6",8.4,46,"99.859212133","94.368560668",67.5,11.8,30.3,34.2,88.2,43.7,18.7,49.1,39.1,34.2,26.7,62.1,24.4,26.7,"27.1"
"Julks, Corey","667452","2023",".295",".353",".330","87.9","17",4.9,36,"98.704102411","93.406924598",62.5,18,30.2,39.4,82,43.7,25.4,45.8,37.8,37.3,24.9,60.7,23.6,30.7,"28.4"
"Rooker Jr., Brent","667670","2023",".343",".472",".375","91.6","17.6",15.6,49.5,"102.653891351","95.962225864",66.1,26.6,27.3,64.5,73.4,42.1,38.2,46.1,35.3,40,24.7,59.7,36.9,24.7,"27.1"
"Arozarena, Randy","668227","2023",".351",".403",".342","91.7","11.3",12.3,48.3,"102.055211709","95.651873174",61,23.5,27.5,39.9,76.5,41.6,29.1,43,33.8,43.5,22.8,60.6,25.3,23.3,"28.4"
"Pratto, Nick","668472","2023",".278",".416",".373","87.5","13.4",8.1,41.9,"99.593088023","93.891924767",58.8,21.8,27.5,64,78.2,44,35.3,43.1,37.2,39,23.8,63.2,24.4,30.8,"26.3"
"Rogers, Jake","668670","2023",".321",".443",".356","90.4","14.7",12,45.6,"100.372054766","94.614399346",66.3,25.4,22.6,51.7,74.4,42.8,31.7,45.8,41.7,35.6,22.7,59.7,32.4,24.1,"27.2"
"Bleday, JJ","668709","2023",".298",".318",".276","88.6","15.5",6.4,35.3,"98.165226087","93.234953169",68.7,20.5,20,52,79.2,42.6,28,43.6,46,31.6,22.5,56.4,29.9,17.6,"27.2"
"Steer, Spencer","668715","2023",".333",".373",".330","88.7","15.3",6.7,37.1,"99.167567432","93.741896795",63.1,17.2,23.9,43,82.8,42,24.1,43.8,40.5,33.8,25.7,59.4,27.5,24.6,"28.4"
"Baddoo, Akil","668731","2023",".301",".351",".307","88.1","10.8",6.2,36.8,"99.048422545","93.595535682",68.6,15.1,25.7,50.3,83.6,41.5,24.8,47,37.2,34.1,28.8,57.2,26.5,19.5,"29.0"
"Knizner, Andrew","668800","2023",".286",".356",".305","89.6","14.3",7.9,40.9,"100.838167407","94.587740186",72.1,21,37,39.5,78,40.5,27.3,54.8,36,36,28,68.9,31.7,16.5,"25.9"
"Reynolds, Bryan","668804","2023",".360",".427",".366","90.9","10.9",11.1,47.3,"101.022834344","94.957065034",73.1,17.9,25.8,52.7,82.1,42.5,28.2,47.4,37.8,34.8,27.4,56.9,28.7,24,"27.8"
"Vientos, Mark","668901","2023",".304",".414",".351","92.5","9.5",10.7,51,"103.444965733","96.432401342",70.1,28.3,36.4,52.6,71.7,42.4,36.7,53,35.6,44.3,20.1,71.7,22.8,16.8,"26.3"
"Lewis, Royce","668904","2023",".351",".423",".356","90.2","16.2",11.7,42,"101.84701358","95.239275185",65.7,18.5,28.5,48,81.5,42.3,27.3,47.4,37.7,37.7,24.7,63.2,29,25.9,"28.2"
"Turang, Brice","668930","2023",".274",".305",".292","85.5","12.6",2.9,27,"96.246595556","92.125077484",67.2,16.2,27.3,35.6,82.1,44.8,21.5,47.9,27.6,40.3,32.1,66.9,25.1,24.1,"29.4"
"Rutschman, Adley","668939","2023",".373",".391",".353","88.4","12.6",7.5,38.6,"99.614450772","93.937278476",60.7,10.7,23.4,27.1,89.3,44.8,15.6,41,37.2,31.3,31.5,56.5,26,26.4,"27.0"
"Rojas, Josh","668942","2023",".278",".324",".309","87.1","13",3.8,28.9,"96.683976983","92.417791379",61.8,16.4,25.8,43.5,82.5,42.7,24.1,44.3,42.3,31.8,25.9,66.9,28.5,26.4,"26.7"
"Melendez Jr., MJ","669004","2023",".325",".411",".344","93.2","16.9",11.4,49.6,"101.434950217","95.609327411",69.3,27.4,26.8,52.1,72.5,43.5,34.4,47.9,42,37.1,21,64.8,34.6,25.3,"27.6"
"Marsh, Brandon","669016","2023",".322",".411",".363","91.3","12.4",9.1,48.7,"100.732382538","94.960692423",61.5,17.2,25.5,48.9,82.4,41.6,27.3,42.4,37.4,31.7,30.9,60.5,26.8,24.9,"28.6"
"Langeliers, Shea","669127","2023",".300",".391",".312","90.6","19.6",13.3,44.5,"101.929508117","95.365956026",69.9,24,31.2,49.7,76,43.3,32.1,50.3,43.8,30.5,25.6,62.9,31.2,17.5,"28.4"
"Campusano, Luis","669134","2023",".353",".380",".351","88.5","13.2",7.7,40.6,"98.855264444","93.558759091",74,14,35.5,26.9,86,41.4,18.1,55.2,42,37.1,21,63.2,21,28.7,"25.8"
"Murphy, Sean","669221","2023",".395",".461",".372","91.5","13.1",16.1,45.8,"103.261524161","96.100888462",69.5,19.1,23,46.1,80.9,41.1,25.9,45.9,48,35.2,16.8,60.3,27.8,26,"26.0"
"Senzel, Nick","669222","2023",".296",".345",".323","87.4","15.2",4.8,34.1,"98.198786726","93.126818628",70.8,15.2,26.6,39,83.8,45.1,21.5,49.4,45,31.9,23.1,67.9,25.3,23.1,"28.3"
"Edman, Tommy","669242","2023",".312",".338",".317","89.1","7.5",5,38.8,"99.456717727","93.865892803",61.9,7.9,28.6,34.8,91.8,43.2,16.1,45.7,41,37.1,21.9,61.9,21.4,20.1,"28.8"
"Smith, Will","669257","2023",".352",".365",".321","89.3","15.6",6.7,41.6,"99.645654456","94.001340492",67.9,16.2,25,27.6,83.8,43.6,19.5,45.7,34.9,36.2,28.9,58.9,32.3,24,"27.2"
"Suwinski, Jack","669261","2023",".346",".460",".352","90.5","22.4",15.7,43.4,"102.173377122","95.316292734",61.1,22.2,18.2,55.1,77.5,45.2,30.1,39,40.2,36.7,23.1,53.8,36.3,23.1,"28.6"
"Espinal, Santiago","669289","2023",".293",".305",".304","87","11.4",1,29.4,"96.258875464","92.131124845",63.7,11.5,25.3,32.5,88.1,42.9,17.6,44.3,40.6,35,24.4,58.9,23.4,28.9,"26.9"
"Miranda, Jose","669304","2023",".281",".303",".291","87.9","10.1",4.2,37.3,"98.190953051","93.099214068",73,18.2,34.9,36.8,81.8,40.4,25.2,51.7,43.2,35.6,21.2,62.5,18.6,23.7,"26.6"
"Gorman, Nolan","669357","2023",".354",".484",".374","91","22.2",16.5,48.5,"102.010586077","95.537335212",72.9,28,27.7,52.9,72,42.2,35.5,49,43.1,28.8,28.1,61,38.5,23.8,"26.5"
"Burger, Jake","669394","2023",".359",".469",".385","91.9","12.3",16.7,49.6,"105.009725862","96.989580029",70.8,21.5,38.5,55.5,78.5,42.5,34.1,54,45.8,36.3,17.9,62.6,21.9,25.1,"28.0"
"Allen, Nick","669397","2023",".250",".270",".270","84.8","6.8",1.2,26.6,"95.649982295","91.839086803",68,10.7,29.1,39.6,88.1,44.5,19,49.2,27.8,42.1,30.1,68.4,18.5,19.3,"27.9"
"Schmitt, Casey","669477","2023",".282",".339",".312","88.1","15.1",6.7,34,"99.016028632","93.561277316",71.3,16.8,38.5,45.9,82.7,45,26.9,55,37.6,36.1,26.3,63.5,27.8,22.2,"28.0"
"Smith, Josh","669701","2023",".321",".355",".295","88.5","12.5",10.5,36.4,"99.426100571","93.805422714",62.2,14.1,22.2,41.7,85.2,41.1,21.3,42.3,42.7,35,22.4,57.3,32.2,18.2,"28.5"
"Triolo, Jared","669707","2023",".324",".410",".386","86.6","10.6",5.9,33.6,"98.027101167","93.167449076",62.8,22.4,25.9,55.4,77.3,39.8,32.4,43.7,38.7,32.8,28.6,64.6,23.5,32.8,"28.4"
"Hays, Austin","669720","2023",".309",".381",".330","89.4","10.4",8.9,40.1,"100.462787656","94.411352037",63.8,17.2,30.9,49.1,82.6,42.1,28.3,46.6,37,38.5,24.5,62.8,29.7,20.3,"27.4"
"Call, Alex","669743","2023",".296",".294",".269","86.8","17",5.3,30.1,"97.369230205","92.725954777",61.3,12.5,19.8,35.9,85.9,43.6,18.3,40.3,43,34.4,22.5,56.7,28.8,20.2,"28.8"
"Toglia, Michael","669911","2023",".255",".341",".315","90.2","16.7",5.5,44,"101.117121957","94.904654725",71.8,20.9,30.3,76.3,79.1,42.1,38.8,49.8,39.6,29.7,30.8,63.8,33,25.3,"28.0"
"Lopez, Nicky","670032","2023",".292",".285",".284","86.7","0.5",1.1,23.7,"95.31187172","91.719033135",67.9,15.4,26.6,40.2,84.6,41.7,22,47.9,30,42.6,27.4,58,13.2,27.9,"27.7"
"Raley, Luke","670042","2023",".327",".432",".350","91.1","17.3",12.9,45.7,"102.675194071","95.677039912",74.8,26.8,31.3,64.5,72.6,45.4,38.9,51.8,43.1,34.5,22.4,59.4,27.6,17.2,"28.8"
"Short, Zack","670097","2023",".297",".351",".301","87.6","21.2",8.8,33.5,"98.045696579","93.141459737",64.2,18.6,16.4,52.6,80.5,42.4,24.9,41.9,47.2,32.7,20.1,62.8,30.8,18.2,"28.1"
"Mastrobuoni, Miles","670156","2023",".302",".348",".341","87.5","13.7",1.9,34.6,"98.095820612","93.493071531",53.1,17.3,23.8,33.8,80.1,42.3,22.6,38,35.6,36.5,27.9,57,18.3,27.9,"28.6"
"Wallner, Matt","670242","2023",".374",".499",".373","91.9","21",18.8,48.1,"104.489305224","96.79268782",69.8,31.4,26.9,47.7,68.6,43.3,36.3,47.1,45.9,27.1,27.1,61.3,33.8,21.8,"28.0"
"Alvarez, Yordan","670541","2023",".438",".500",".386","93.3","17.1",18,52.2,"104.629318875","96.977658344",64.7,13.3,26.1,41.5,86.5,40.5,22.4,43.7,40.4,32.3,27.3,56.6,35.7,22.4,"26.3"
"Paredes, Isaac","670623","2023",".315",".322",".291","86.9","22.2",5.9,28.5,"96.372683866","92.205361059",66,10.8,28.3,33,89.2,42.5,18.2,45.6,52.7,28,19.3,58.7,28.5,24.9,"26.1"
"Walls, Taylor","670764","2023",".277",".308",".291","86.7","19.1",3.3,28.8,"95.825872762","91.918126429",65.6,21.6,17.8,49.2,77.8,44.3,27,43,36.3,38.2,25.5,57.6,31.6,21.7,"28.2"
"Friedl Jr., TJ","670770","2023",".289",".296",".293","86.7","16.1",3.2,27.6,"96.368739947","92.196228515",59,11.2,24.6,35.5,86.7,42.7,18.2,42.2,42.3,36.7,21,60.7,25.9,22,"28.3"
"Casas, Triston","671213","2023",".370",".449",".359","91.1","15.7",13.1,46.6,"102.616692288","95.686960262",66.5,22.7,22.1,43.6,77.3,44.3,28.1,43.6,40,39,21,53.8,31.5,25.6,"24.9"
"Waters, Drew","671221","2023",".313",".420",".360","87.4","17.2",10.1,35.9,"98.74293303","93.391262626",73,23.1,31.8,51.6,76.9,43.9,32.4,51.3,40.4,35.4,24.2,63.5,34.8,26.3,"28.7"
"García, Luis","671277","2023",".308",".329",".303","88.3","4.6",5.8,36.5,"99.158102245","93.638514796",74,12.5,30.8,28.9,87.3,42.2,17.9,50.6,32.2,40.8,27.1,61.1,18.2,25.1,"27.2"
"Freeman, Tyler","671289","2023",".315",".353",".336","85.8","6.2",3.2,38.1,"99.035576452","93.596430081",66,11.9,29.2,31.2,87.1,45.6,17.8,47.6,38.9,38.1,23,68.5,15.9,28.6,"28.6"
"Butler, Lawrence","671732","2023",".289",".380",".321","88.3","16.2",9,37.1,"100.126691591","94.139083636",65.4,19.7,26.8,59,80.3,40.8,29.7,47.8,30.3,37.1,32.6,58.1,32.6,14.6,"27.4"
"Harris II, Michael","671739","2023",".357",".421",".379","90.9","7.6",10,48.5,"103.586789505","96.131496609",68.2,17.8,38.1,35.8,81.6,44.4,24.4,52.9,33.3,38.7,27.9,62.5,17.4,28.2,"28.8"
"Bailey, Patrick","672275","2023",".313",".410",".361","88.7","10.2",10,38.4,"99.385269825","93.890632907",65,18.1,26.6,47.3,81.9,42.8,26.2,46.5,41,33.6,25.3,61.5,25.8,26.2,"26.2"
"Kelenic, Jarred","672284","2023",".333",".457",".407","90.9","10.1",9.5,45.5,"101.460697521","95.139393983",66.4,22.7,28.5,57.7,77.3,43.3,33.8,46.8,38.4,36.8,24.8,57.9,24.4,29.8,"28.0"
"Arias, Gabriel","672356","2023",".304",".418",".357","91.1","3.7",9.9,46.3,"101.9318672","95.322139548",76.9,29.2,33.1,57.5,70.2,39.9,37.5,55.5,33,37.4,29.6,67.5,20.7,22.7,"28.0"
"Kirk, Alejandro","672386","2023",".320",".310",".289","87.6","6.3",5.2,38.3,"98.523712317","93.313905535",57.4,7.5,26.7,23.6,92.5,42.2,12.8,41.6,27.1,45.9,27.1,62.5,21.9,23.1,"23.7"
"Diaz, Jordan","672478","2023",".285",".340",".305","90","5.4",6.4,43.6,"101.524778137","95.000604729",76.3,16.3,37,56,83.7,40.4,29.9,56,33.8,38.2,27.9,67.6,19.1,20.6,"25.3"
"Moreno, Gabriel","672515","2023",".314",".356",".337","89.8","4.2",4.8,41.8,"99.719820735","94.156039559",57.3,12,26.3,37.8,88,43.1,19.7,42.4,29.3,44.3,26.4,57.1,16.5,26,"27.2"
"Garcia, Maikel","672580","2023",".319",".380",".361","91.8","6.1",3.9,50.6,"101.538604663","95.500565408",63.6,15.6,20.6,32.8,84,42.6,19.5,43.1,29.4,42.8,27.8,64.5,18.3,29.2,"28.2"
"Perdomo, Geraldo","672695","2023",".275",".258",".256","85.7","16.4",0.9,19.5,"94.552794268","91.28665535",59.4,10.7,17.1,31.2,86.8,43.8,15,39.1,40.7,34.5,24.8,55.7,27.1,23.3,"27.2"
"Peraza, Oswald","672724","2023",".281",".333",".313","87.2","9.8",4.1,28.5,"98.567658226","93.419530488",72.7,22.5,27.8,58.7,77.1,40.2,33.1,49.5,48,39,13,63.4,18.7,21.1,"28.7"
"Marcano, Tucupita","672779","2023",".292",".321",".301","88.3","14.4",5.2,34.9,"97.898414815","93.051435926",72.4,9.8,29.4,29.1,88,42.4,15,51.8,38.4,36.6,25,63.6,25,24.4,"27.6"
"Sosa, Lenyn","672820","2023",".294",".375",".334","89.4","14.1",7.8,38.3,"98.778247581","93.561915041",65.4,16.3,40.6,36.5,83.2,41.4,24,53.2,32,32.8,35.2,68.8,26.6,25,"27.6"
"Diaz, Yainer","673237","2023",".360",".434",".359","90.3","11.5",12.2,43.9,"101.571037778","95.208391603",76.4,17.2,44,42.4,82.8,39.4,27.6,58.6,39.4,35.5,25.1,67.9,29.6,22.6,"27.6"
"Robert Jr., Luis","673357","2023",".347",".471",".377","89.1","16.1",15.4,42.3,"101.844478191","95.05043424",78.1,21.4,40.5,54.3,78.6,41.5,33.5,58.3,45.2,30.9,23.9,69.4,30.3,24.7,"28.7"
"Kim, Ha-Seong","673490","2023",".313",".335",".317","86.2","13.6",4.2,26.7,"96.561670433","92.283861587",55.1,14.6,20.4,27.2,84.6,45.1,17.7,38.9,42,37.3,20.8,57.8,25.2,24.3,"28.5"
"Suzuki, Seiya","673548","2023",".357",".425",".376","91.4","10.8",10.5,48,"102.157061122","95.610201816",60.5,15.8,19.8,39.3,84.2,42.5,21.3,40.9,37,41.3,21.7,60,24,28.6,"28.5"
"Jung, Josh","673962","2023",".337",".453",".378","91.8","15",11.9,47.4,"101.620526098","95.373200793",72.7,20.6,32.9,47.9,79.4,41.1,29.7,51.8,36.8,39.2,24,66.8,29.5,29.5,"26.8"
"Smith, Kevin","675656","2023",".237",".347",".289","88","13.6",9,36,"99.217505476","93.806065119",64.5,20,42.3,48.2,78.2,41.7,31.4,53.4,32.6,29.2,38.2,70.5,32.6,16.9,"27.3"
"Williams, Alika","675961","2023",".244",".304",".303","83.4","10.1",3,25.4,"96.112825938","92.073845625",68.9,19.1,26.5,63.9,80.3,41.7,31.7,47.6,35.8,41.8,22.4,72.3,22.4,26.9,"28.2"
"Westburg, Jordan","676059","2023",".315",".387",".355","90.2","13.4",6.5,44.5,"100.977982987","94.800749545",69.9,18.2,28.4,43.7,81.5,42.2,25.8,48.7,45.2,36.1,18.7,66.7,21.3,29,"28.9"
"Noda, Ryan","676116","2023",".334",".440",".367","91.2","16",13,45,"102.125166441","95.450814851",65.7,27.6,19.2,70.1,72.1,41.9,36.9,42.9,44.5,31.9,23.5,62.3,30.3,26.1,"27.3"
"Velázquez, Nelson","676369","2023",".374",".498",".369","91","14.4",21.4,49.1,"102.412957857","95.873260446",73.6,24.7,29.4,53.6,74.9,43,33.7,50.1,45.5,27.7,26.8,60.9,41.1,16.1,"27.2"
"Burleson, Alec","676475","2023",".337",".359",".322","89.9","12.4",5.9,41,"99.931806194","94.381917566",71.5,11.7,34,29.4,87.6,43.8,17.7,52,37.4,35.2,27.5,61.7,24.2,27.5,"25.6"
"Barrero, Jose","676480","2023",".277",".344",".325","87.5","17.2",3.3,35.6,"98.756577778","93.466827753",70.5,21,33.4,59.8,79,39,35.2,50.2,47.8,34.4,17.8,55,28.9,23.3,"27.5"
"Caballero, José","676609","2023",".299",".308",".286","83.3","21.5",3.6,23.7,"94.973345476","91.572536826",57.5,15,29,38.6,84,40.1,23,43.2,45.6,30.8,23.7,60,25.4,25.4,"29.0"
"Meyers, Jake","676694","2023",".283",".337",".298","86","13.9",6.3,27.9,"96.65184","92.333391091",69.4,17.9,26.8,50.6,81.5,40.2,26.9,48.3,40.1,32.4,27.5,65.1,30.6,21.2,"29.2"
"Trejo, Alan","676701","2023",".276",".320",".307","85.5","14.6",4.4,22.6,"94.830734557","91.440444522",69.8,14.4,32.4,35.9,84.2,43.5,21.4,50.6,47.2,30.8,22,61.2,25.2,27,"26.4"
"McCormick, Chas","676801","2023",".341",".415",".345","88","14.6",11.1,38.8,"98.933604225","93.594692676",70.6,21.5,30.2,44.4,76.7,41.8,28.9,49.2,42.2,33.2,24.6,60.4,31.1,22.5,"28.2"
"Schneider, Davis","676914","2023",".355",".446",".340","89.5","26",17.8,38.4,"99.241608649","93.865637397",65,32.2,15.7,56.3,67.8,40.4,37.3,39.1,50.7,27.4,21.9,56.7,38.4,30.1,"27.4"
"Batten, Matthew","676946","2023",".270",".274",".281","85","15",1.1,25.3,"95.026010222","91.57059809",51,21.1,30.7,35.2,77.3,43.5,26.9,40,34.1,28.6,37.4,59.7,22,25.3,"28.6"
"Franco, Wander","677551","2023",".364",".393",".354","89.4","8.9",7.7,43,"99.940366243","94.232389735",63.3,9.4,26.2,28.3,90.6,44.1,14.8,45.2,35.8,39.3,24.9,61.8,23.9,24.7,"27.5"
"Pereira, Everson","677592","2023",".270",".392",".375","91.9","10",7.5,54.7,"101.939197778","95.917055283",78.2,33.8,26.2,72,66.2,42.3,43.1,52.6,41.5,35.8,22.6,68.9,22.6,26.4,"28.0"
"Rodríguez, Julio","677594","2023",".345",".431",".372","92.7","8.5",11.9,52,"104.082287708","96.812366417",72.1,16.6,37.4,48.6,83.3,41.5,28.2,53.9,39.5,36.6,23.9,63.4,24.5,23.3,"29.6"
"Mauricio, Ronny","677595","2023",".287",".374",".350","90.7","7.6",5.7,38.6,"101.420100857","94.781974",71.8,22.1,42.4,41.8,77.9,41.6,30.9,54.9,40,45.7,14.3,61.1,15.7,31.4,"27.7"
"Duran, Ezequiel","677649","2023",".320",".414",".363","90.1","14",8.7,43.9,"101.553371259","95.026970874",72.2,19.9,37.7,43.3,79.8,40.9,28.5,54,34.3,38.1,27.7,63.9,23.2,29.4,"29.1"
"Thomas, Alek","677950","2023",".291",".346",".324","88.9","2.2",5.1,41.6,"99.767087793","94.064693103",63.7,13.5,33.6,48.3,86.3,44.7,25,49.1,37.9,37.5,24.6,59.7,16.7,23.2,"28.8"
"Witt Jr., Bobby","677951","2023",".369",".427",".360","90.7","15.7",11.5,45.6,"102.080606768","95.411820457",71,16.7,30.6,36.5,83.3,41.5,22.8,50.5,35,33.5,31.6,62.3,28.4,25.9,"30.5"
"Meadows, Parker","678009","2023",".325",".384",".352","89.3","18.3",9,34.8,"99.246645","93.754217841",63.2,14.7,23,48.6,84.8,44.5,24,42.8,39.3,42.7,18,54.9,24.7,30.3,"29.0"
"Bae, Ji Hwan","678225","2023",".264",".307",".306","88.1","1.1",2,36.8,"98.940343707","93.542422069",67.2,17.3,28.8,39.8,80.2,42,24.3,47.6,25.1,39.3,35.6,66.3,12.1,22.3,"29.7"
"Vargas, Miguel","678246","2023",".304",".315",".276","86.8","16.6",6,31.5,"97.543796","92.819102111",68.2,17.4,20.8,38.1,82.6,44.3,22.3,44.4,37,36,27,57.8,31.5,21.5,"27.9"
"Tovar, Ezequiel","678662","2023",".291",".378",".346","88","12.6",8.1,36.2,"99.019446394","93.628807036",79.8,19.2,42,51.6,80,42.3,31.3,59.7,31.2,39.5,29.3,66.3,26.4,26.2,"28.1"
"Peguero, Liover","678894","2023",".270",".368",".347","89.3","4.1",5.2,39.6,"100.157487846","94.198605039",72.9,20.1,28.4,54.5,79,42.4,29.1,51.7,38.1,38.1,23.9,69.5,20.9,22.4,"29.3"
"Rojas, Johan","679032","2023",".267",".336",".345","86.6","7.3",0.9,28.3,"97.8167774","92.9113331",67.5,14.9,40.4,45.5,82.1,41.7,25.9,54.4,31.9,46,22.1,68.3,16.8,23.9,"29.5"
"Torkelson, Spencer","679529","2023",".352",".432",".352","91.8","17.1",14.1,50.9,"102.691928356","96.002045502",67.5,17.6,23.6,45.9,82.4,40.4,24.7,46.2,46.1,30.7,23.2,60.6,31.6,24.5,"27.4"
"Blanco, Dairon","680118","2023",".304",".362",".331","86.7","9.1",6.5,32.3,"99.0288","93.631459412",71.3,21.5,29.4,48,77.3,43.2,29.3,50.3,39.8,36.6,23.7,63,23.7,19.4,"30.3"
"McLain, Matt","680574","2023",".332",".429",".375","89.3","13.8",10.8,42.4,"100.203855242","94.354982348",57.7,19.9,25.4,47.1,79.9,42.4,28,41.9,32.8,38.4,28.8,66,26.4,27.2,"29.0"
"Palacios, Richie","680700","2023",".305",".312",".272","88.1","6.3",7.1,33.3,"96.959688095","92.583407229",66.8,11.9,22.2,23.3,87.4,45.6,14.5,45.6,40.5,35.7,23.8,57.8,29.8,13.1,"28.0"
"Kwan, Steven","680757","2023",".317",".311",".317","86","10.7",1.1,18.8,"94.063409324","91.031738203",59,6,21.3,26.9,93.6,42.5,11.1,41.2,27.7,39.5,32.8,61.9,20,28.8,"28.1"
"Duran, Jarren","680776","2023",".319",".397",".368","89.9","10.7",5.3,46.3,"102.136277603","95.439128926",73.2,13.8,30.1,49.8,85.7,44,24.3,51.5,32.8,36.5,30.7,64.5,24.6,29.1,"29.5"
"Jeffers, Ryan","680777","2023",".333",".413",".344","90.5","17.2",11.6,42.7,"101.812058454","95.327122694",62,19.9,30.2,46.2,79.8,40.8,29.1,45.4,40.7,33.7,25.6,60.5,29.1,22.1,"26.5"
"Davis, Henry","680779","2023",".291",".348",".321","88.6","12.5",7,41.4,"100.600949494","94.584235478",62.8,14.8,29,49.4,85.2,40.9,27,44.5,45.9,35.7,18.5,61.6,21,26.1,"28.2"
"Gelof, Zack","680869","2023",".333",".424",".362","89.8","11.8",11.1,41.3,"99.898924043","94.270075904",71.6,27.6,28.9,48.8,72.4,45.1,33.7,50.4,42.3,38.6,19,64.2,28,27,"29.0"
"Miller, Owen","680911","2023",".288",".332",".317","86.3","12.9",3.4,30.8,"97.106564615","92.584463305",63.8,13.4,31.5,29.4,86.6,43.5,18.4,48.3,35,41,23.9,62.6,30.8,23.1,"29.0"
"Donovan, Brendan","680977","2023",".354",".371",".343","89.3","10.6",5.8,40.6,"99.360461838","93.987172915",63.4,9.2,22.9,30.1,90.6,44.9,14.8,42.8,39.9,29.7,30.4,62.1,22.5,25.4,"27.1"
"Stott, Bryson","681082","2023",".309",".336",".320","88.1","10.1",4.7,35.2,"97.379136163","92.802445092",59.1,11.1,29.5,23.9,87.8,45.1,15.1,45,31.4,35.4,33.2,60.3,23.1,25.3,"28.8"
"Bride, Jonah","681146","2023",".321",".341",".324","89","4.1",4.3,40.6,"97.607345882","93.199746912",49,13.9,18.5,28.2,85.2,43,17.4,35,42,36.2,21.7,65.1,17.4,27.5,"27.1"
"O'Hoppe, Logan","681351","2023",".346",".427",".347","90.5","19.6",15.6,46.7,"100.792061765","94.855250815",70.2,18.9,33.9,57.9,81.1,44.3,32.1,51.5,54.8,29.6,15.6,63.3,28.9,20,"27.9"
"Carpenter, Kerry","681481","2023",".336",".419",".357","90.1","13.1",10.2,44,"99.813840795","94.326096744",72.2,18.5,33.4,44.3,81.5,42.6,27,52.4,44.4,32.6,23,62.8,27.6,22.7,"28.1"
"Outman, James","681546","2023",".325",".420",".362","87.9","15.7",11.1,39.9,"99.962159145","94.027798454",68.6,26.7,25.3,61.3,73.2,42.2,36.6,46,45.8,32.4,21.9,57.5,30.4,23.2,"28.9"
"Villar, David","681584","2023",".306",".404",".328","87.7","19",13.8,32.5,"98.11393275","93.142108354",59.9,26.4,26.1,66.2,73.6,41.7,38.5,43,35,42.5,22.5,66.4,35,22.5,"25.9"
"Fry, David","681807","2023",".331",".408",".346","89.5","16.5",12.7,39.4,"99.124261667","93.797494507",74.3,23.5,38.5,36.6,76.5,38.5,27.9,56.6,49.3,32.4,18.3,69.9,29.6,26.8,"27.0"
"Marte, Noelvi","682622","2023",".340",".399",".378","91.3","1.9",7.9,46.1,"102.585447111","95.933338989",64.8,17,28.6,48.4,83,42.1,26.3,47.1,30.3,52.8,16.9,65,19.1,24.7,"29.1"
"Alvarez, Francisco","682626","2023",".305",".370",".293","90.1","12.5",12.8,45.1,"101.730853431","95.157784982",65.9,23.1,26.1,51.6,76.9,42.7,31.8,44.9,38.5,40.7,20.9,64.3,31.9,15.8,"26.4"
"Matos, Luis","682641","2023",".304",".308",".302","87.1","6.3",2,31,"97.615473402","92.870265619",69.7,9.4,25.4,36.7,89.6,42.7,17.2,46.5,37.1,45.2,17.8,54.9,23.4,28.4,"27.7"
"De La Cruz, Elly","682829","2023",".303",".428",".382","91.2","3.6",8.5,45.9,"102.817937107","95.774707273",60.7,19.4,32.8,45.5,79.8,43.2,29.7,45.5,41.1,41.5,17.5,60.7,18.3,24,"30.5"
"Rodríguez, Endy","682848","2023",".294",".349",".314","89.1","16.5",5.1,36.2,"97.95644029","93.14479073",68.1,12.7,26.4,42.1,87.3,42.5,21.4,46.3,47.8,27.5,24.6,59.3,33.3,28.3,"27.8"
"Abrams, CJ","682928","2023",".304",".345",".310","87.4","13.5",6.9,35.9,"98.814933243","93.426357297",71.9,15.6,35.1,36,83.8,44.3,22.3,53.5,35.9,39.9,24.2,64.4,25.1,20.6,"28.6"
"Greene, Riley","682985","2023",".365",".477",".413","91.6","6.6",11.3,47.3,"103.007318636","95.926317652",68.3,20.4,26.5,47,79.6,43.3,28.2,46.8,40.2,37.6,22.2,57.7,21.8,28.9,"28.1"
"Carroll, Corbin","682998","2023",".344",".386",".343","90","11",7.6,40.9,"100.972563211","94.780604736",65.3,14.2,28,37.2,84.8,43.4,21.5,45.8,38.4,36.9,24.7,57.9,24,23.3,"30.1"
"Henderson, Gunnar","683002","2023",".346",".431",".364","92","11.4",11.4,52,"102.730226238","96.062562903",66.7,20.5,26.5,41.5,79.5,43.7,26.4,46.8,36.6,38.1,25.2,62.6,26.5,23.3,"28.8"
"Volpe, Anthony","683011","2023",".305",".380",".332","88.7","14.2",9,43,"99.54617672","93.954577957",67.2,19,28.7,49.3,80.5,39,28.1,47.9,46.7,30.5,22.8,62.6,27.6,24.9,"28.4"
"Baty, Brett","683146","2023",".300",".382",".344","89.5","6.6",7.7,44.3,"101.615153008","95.076203184",64.3,21.7,27.6,54.6,78.3,42,31.5,46.1,37.4,32.1,30.5,56.6,20.3,25.2,"27.3"
"Vaughn, Andrew","683734","2023",".319",".371",".325","90.6","11.2",8.4,46.5,"101.661403","95.348849294",64.8,13.4,31.7,44,86.6,41.7,24.1,47.5,37.4,35.1,27.6,62.8,23.7,24.4,"25.5"
"Frelick, Sal","686217","2023",".296",".291",".293","83.3","8.1",2.5,23.6,"94.342516154","91.339554231",58.2,9.4,29,24.1,90.2,41.9,14.6,43.1,29.3,37.6,33.1,58.7,15.9,21.7,"28.6"
"Pasquantino, Vinnie","686469","2023",".350",".360",".326","89.3","17.4",7.5,40.3,"99.9938884","94.167852814",62.8,9.2,32.4,31.3,90.8,45.3,17.4,46.5,40.8,38.3,20.9,60.5,28.4,26.9,"25.8"
"Canzone, Dominic","686527","2023",".326",".376",".316","89.7","16.3",12.1,42.6,"100.579175634","94.554437376",67.1,16.8,41.8,39.4,83.2,42.6,25.5,54.4,48.9,31.2,19.9,61.5,31.2,20.6,"26.7"
"Doyle, Brenton","686668","2023",".258",".369",".320","88.3","11.7",8.7,35,"99.107707983","93.693021345",73.8,24.3,32.2,60.9,74.8,43.2,35.7,52.6,40.9,33.1,26,63.1,25.6,20.5,"29.9"
"Massey, Michael","686681","2023",".319",".381",".337","88.6","19.7",7.8,39.5,"99.467958364","93.868433587",72.5,13.7,32.3,41.4,85.9,41.2,22.4,52.1,51.8,26.6,21.6,58.8,30.5,28.1,"27.3"
"Brennan, Will","686823","2023",".305",".331",".330","85.7","9.4",2.4,29.2,"96.456825397","92.245172918",73.4,13.1,38.2,29.1,86.8,43.6,18.2,56.6,33.2,41.1,25.7,62.4,17.8,28.1,"28.3"
"Wiemer Jr., Joey","686894","2023",".289",".354",".304","89.3","10.5",9.1,39.1,"99.675385433","94.031570395",65.9,25.1,29.1,52.1,74.9,42.6,33.6,47.1,43.1,37.2,19.8,60.7,28.9,17.4,"28.9"
"Neto, Zach","687263","2023",".312",".357",".304","89.1","14.5",8.8,40.3,"99.587439533","93.888217243",69.8,19.2,25.2,55.3,79.5,41.6,28.5,47.9,42.1,31.9,25.9,62.3,32.4,23.1,"27.7"
"Marlowe, Cade","687799","2023",".274",".346",".306","86.6","20.8",7.3,30.9,"96.995860714","92.698439091",71.8,25.3,28.4,40,74.1,41.8,29.4,50.6,41.8,43.6,14.5,64,49.1,18.2,"28.9"
"Encarnacion-Strand, Christian","687952","2023",".346",".457",".391","90.3","18.6",10.5,48.4,"101.855748701","95.359737582",70.9,18.3,36.5,48.6,81.7,38.9,29.4,52.7,37.3,35.3,27.5,68,31.4,24.8,"27.6"
"Wisely, Brett","689172","2023",".238",".305",".272","85.9","17.9",7.3,32.9,"97.293427179","92.707060519",71,25,33.5,44,72.8,44.6,31.3,51.8,37.8,32.9,29.3,66.4,24.4,23.2,"27.9"
"Soderstrom, Tyler","691016","2023",".273",".354",".321","89.3","5.7",6,39.8,"101.153127381","94.848388313",70.6,22.2,29.5,57.7,77.8,44.1,32.9,49.7,38.6,37.3,24.1,60.9,21.7,19.3,"25.7"
"Walker, Jordan","691023","2023",".332",".390",".354","89.4","10.2",7.5,42.5,"101.884002327","95.105508896",72.4,18.7,33.2,51.9,81.3,40.9,30,51.6,39.3,36.8,23.9,64.7,22.6,25.2,"28.5"
"Winn, Masyn","691026","2023",".250",".271",".269","86","12.8",2,36.6,"97.541426531","92.925402245",59.5,17.8,25.1,31.7,80.5,42.6,21.6,43.4,25.7,33.7,40.6,59.1,24.8,16.8,"29.2"
"Colás, Oscar","693049","2023",".264",".339",".315","88.9","7.1",7.9,40.4,"101.394884419","94.790742442",70,19.8,39.8,50,79.9,43.1,31.8,53.9,28.7,40.4,30.9,63.7,15.7,22.5,"27.0"
"Gonzales, Nick","693304","2023",".257",".316",".290","85.5","8.7",3.7,26.8,"95.857527561","91.98471963",76,23.3,28.3,58,76.7,45.2,32.4,52.6,45.1,36.6,18.3,65.6,23.2,14.6,"28.8"
"Schanuel, Nolan","694384","2023",".350",".338",".340","85.4","6.5",2.2,25.6,"94.380370222","91.236393034",63.8,14.5,20.4,27.3,85.5,43.6,17.6,41.7,33.3,34.4,32.2,60.3,17.8,28.9,"26.8"
"Young, Jacob","696285","2023",".279",".296",".294","86.4","1.8",0,30.7,"96.998412927","92.554752222",60.8,12.1,29.9,39.4,85.2,43.6,20.5,46.1,37.5,36.4,26.1,65.3,13.6,21.6,"30.0"
"Yoshida, Masataka","807799","2023",".325",".350",".321","89","3.9",6.6,40.6,"100.123813246","94.28056556",58.6,13.5,27.3,29,86.5,42.8,18.3,43.3,35.4,35.2,29.5,59.5,19.4,21.4,"26.2"