"last_name, first_name","player_id","year","xwoba","xobp","xwobacon","xbacon","exit_velocity_avg","launch_angle_avg","sweet_spot_percent","barrel_batted_rate","hard_hit_percent","avg_best_speed","avg_hyper_speed","z_swing_percent","z_swing_miss_percent","oz_swing_percent","oz_swing_miss_percent","iz_contact_percent","edge_percent","whiff_percent","swing_percent","f_strike_percent","groundballs_percent","flyballs_percent","linedrives_percent"
"Wainwright, Adam","425794","2023",".401",".383",".427",".370","89","12.9",40.6,11.1,38.8,"78.20171099","93.997660521",62.3,8.6,21.7,25,91.1,42.9,13,41.3,54.5,41.1,28.4,26.9
"Greinke, Zack","425844","2023",".344",".322",".394",".349","89.6","11.9",32.6,7.7,38.8,"79.099913176","94.182767312",66.4,10.5,27.9,32.9,88.8,42.4,17.3,46.8,66.4,43.7,25.8,25.2
"Verlander, Justin","434378","2023",".295",".287",".342",".299","90","18.9",30.5,8.2,41.3,"79.990406017","94.269512972",68,16.5,30.6,36.1,83.4,44.8,22.5,49.6,57.4,36.2,28.2,23.4
"Jansen, Kenley","445276","2023",".276",".284",".333",".294","89.8","28.6",29.9,6.8,35.9,"80.87029931","93.556746609",70.2,23.6,31.3,42.9,76,42.2,29,52.1,65.8,21.4,37.6,23.1
"Chavez, Jesse","445926","2023",".293",".312",".352",".333","87.1","7.2",33.3,3.3,33.3,"76.766142889","92.870256742",60.2,24.8,26.6,34.5,73.9,45.6,28.3,41.3,65.3,52.2,12.2,27.8
"Kluber, Corey","446372","2023",".377",".344",".417",".334","89","19.4",40,12.1,40.5,"77.692312","94.303880688",69.3,13.7,30.2,35.9,86,42.8,20.9,48.9,66.1,30.5,34.2,24.7
"Hill, Rich","448179","2023",".360",".352",".412",".359","89.4","14.3",37.3,10.1,39.9,"78.850617598","94.135267838",63.7,13.7,25,35,85.5,43.5,19.3,45.4,59.7,39,25.6,27.6
"Morton, Charlie","450203","2023",".330",".348",".390",".351","88.9","9.9",36.8,7.8,39.1,"77.30793493","94.400073953",60.7,18.5,28.2,56.5,80.6,41.2,32.2,42.9,59.8,44.2,25.2,26.1
"Bard, Daniel","453268","2023",".372",".417",".369",".310","87.1","16.9",30.5,10.2,31.3,"75.785919063","93.296090859",63.2,16.6,17.6,39.3,82.7,39,21.7,40,53.9,36.7,31.3,21.9
"Scherzer, Max","453286","2023",".281",".269",".353",".297","88.5","20.2",32.2,8.5,36.9,"77.751416869","93.790833646",70.9,20.9,30.3,47.1,78.6,43.9,28.6,51,69.9,33.7,32.7,22.9
"Martin, Chris","455119","2023",".277",".297",".351",".352","84.5","4.1",35.9,2.1,31,"72.033701806","92.712566434",73.2,21.1,38.3,28.8,78.9,47,23.3,58.3,77.6,50.3,15.2,30.3
"Cueto, Johnny","456501","2023",".345",".316",".390",".315","88.2","16.9",37.3,10.6,36.6,"77.124512875","93.840066352",73.1,15.9,33.5,26,83.7,46.7,19.3,52.4,65.6,34.2,34.8,23.6
"Lynn, Lance","458681","2023",".337",".322",".406",".341","88.7","17",35.2,10.4,39.3,"77.065476868","94.313936189",74.1,22,28.3,44.7,77.5,42.3,28.7,50.1,64.2,36.3,30.6,24.1
"Carrasco, Carlos","471911","2023",".388",".380",".427",".372","91.5","8.7",37.5,10.7,48.2,"80.853173312","95.654389642",69.4,14,28.1,46.7,85.4,42.4,24.7,46.9,59,45.6,21.5,28.3
"García, Luis","472610","2023",".311",".339",".340",".329","87.1","-1.1",27.2,4.9,36.4,"75.00247956","93.714576685",68.8,15.2,28.5,47.4,84.5,38.4,25.4,47.5,55.6,60.9,15.8,21.7
"Kershaw, Clayton","477132","2023",".300",".295",".369",".324","89","11.8",34.7,9,39.1,"77.970437953","94.209900469",69.3,17.8,30.7,49.8,81.9,41.3,28,49.6,68.3,47.8,23.3,21.9
"Hunter, Tommy","488984","2023",".345",".301",".401",".315","88.6","6.4",34.2,12.7,43,"76.68430825","94.453676203",70.9,16.4,30.9,21.8,83.6,46,18,51.5,67.9,46.8,34.2,16.5
"Miley, Wade","489119","2023",".320",".316",".347",".308","87.3","10.8",30,7.6,31.3,"76.41179978","93.147683664",64.7,13.8,26.7,30.1,85.3,46.6,18.8,45.1,60.6,47.4,26.2,18.5
"Yates, Kirby","489446","2023",".326",".338",".408",".333","90.6","16.8",34.8,10.6,40.2,"81.563198154","94.286388295",67.7,20.9,27.9,49.7,78.8,41.4,30.8,45.5,57.5,37.9,31.1,22
"Ottavino, Adam","493603","2023",".291",".323",".317",".292","88.6","7.2",24.1,3.7,40.7,"77.409981875","94.077359188",58.6,16.1,26.7,45.8,83.9,39.7,26.1,41.9,58.8,56.2,24.7,15.4
"Quintana, Jose","500779","2023",".328",".330",".372",".343","88.1","11.9",36.8,5.1,32.5,"77.668845897","93.358287339",65.5,12.4,30.1,37,86.8,43.2,21.6,45.5,64.6,41.9,26.5,26.5
"Gibson, Kyle","502043","2023",".335",".325",".387",".342","89.7","8.2",33.4,7.6,44.5,"78.377673356","94.787380789",65.9,15.6,27.8,45.3,84,41.6,25.3,45.6,62.5,49.7,23.4,22.8
"Robertson, David","502085","2023",".280",".289",".348",".306","89.3","15.2",30.1,6.1,37.4,"78.883457125","93.988463625",62.2,22.3,28.7,49.4,77.1,39.9,31.2,45,64,44.2,26.4,19.6
"Cobb, Alex","502171","2023",".333",".326",".393",".355","89.8","1.3",33.1,7,43.4,"78.162474979","94.959257569",61.3,12.8,30.5,37.3,86.6,44.2,21.7,44.9,65.9,57.8,16.3,24.2
"Anderson, Chase","502624","2023",".340",".339",".367",".321","87.4","16.3",39.6,8.2,31.7,"76.521858485","93.166581629",69.8,17.7,25.2,31.1,82.3,41.9,21.6,46.2,55.1,36.2,34.7,23.9
"Darvish, Yu","506433","2023",".302",".308",".361",".331","88.4","13.7",33,6.8,38.2,"77.260033579","93.949118786",64.4,17.3,27.2,44.5,82.1,41.9,25,46.4,60.4,42.7,21.5,27.2
"Alexander, Scott","518397","2023",".294",".310",".327",".318","90.4","-0.6",26.1,4.2,33.9,"81.328047927","94.059816564",72.4,10.9,30.8,43,87.6,40.3,19.6,52.9,61.7,61.8,13.3,21.2
"Brasier, Ryan","518489","2023",".292",".308",".339",".317","89.5","12.8",31.3,3.8,42.5,"79.365490375","94.120214214",70.7,17.6,31.9,41.7,81.8,41,25.1,51.2,64.3,44.4,23.8,23.8
"Cruz, Fernando","518585","2023",".288",".289",".394",".336","89.1","17",38.7,10,41.3,"78.436758378","94.143397162",70.6,23.5,31.1,55,76.5,39.7,34.5,48.9,54.5,30.7,34.7,28
"Diekman, Jake","518617","2023",".284",".329",".303",".291","84.6","12.4",29.3,5,27.1,"72.78032913","92.239348613",58.5,23.4,23.1,33.3,76.6,41.9,26.2,41.1,54.3,46.4,25.7,20
"Kelly, Merrill","518876","2023",".313",".320",".379",".343","89.6","11.8",35.1,7.8,41.8,"78.631396856","94.559456681",68.3,18.1,32.9,42.3,81.3,46.1,27,49.1,61,45.7,23.6,24
"Kimbrel, Craig","518886","2023",".281",".288",".369",".316","90.1","18.3",40.1,10.5,46.7,"79.834378947","94.404822434",63.4,25.2,29.1,51.9,74.3,41.2,33,47.3,62.8,34.2,32.2,27.6
"Moore, Matt","519043","2023",".282",".281",".359",".309","88.4","16.4",32.1,7.9,36.7,"78.358668529","93.347734296",71.5,21.2,34.9,42.2,77.5,43,28.2,53.1,55.3,35,33.6,22.9
"Pressly, Ryan","519151","2023",".294",".283",".379",".333","91.3","6.7",27.7,9,43.5,"81.468727865","95.09487774",67.7,15.3,35,59.1,84.4,40.4,31,50.7,68.7,54.8,23.2,19.8
"Sale, Chris","519242","2023",".294",".282",".377",".315","87.9","15.6",33.5,8.4,34.6,"77.439739231","93.229958533",63.6,21.6,33.6,44.1,77.8,45.6,29.7,48.1,63.5,38.4,31.2,22.8
"Smith, Will","519293","2023",".284",".288",".351",".312","88.2","20.4",39,7.8,38.3,"77.082187237","93.733067105",69.2,18.7,33.7,47.1,80.6,43,28.7,50.5,65.8,30.5,33.1,27.3
"Kelly, Joe","523260","2023",".264",".282",".347",".312","84.9","0.7",35.2,6.8,36.4,"71.132222273","93.402074253",56.1,18.6,31.6,54,81.4,39.1,31.4,43.8,61.9,58,18.2,23.9
"Pérez, Martín","527048","2023",".338",".334",".365",".325","89","10.9",33.1,7.6,37.2,"78.339075442","93.950532389",65,11.8,28.1,28,87.6,46.9,17.2,45.3,63.8,46.1,25.3,22.9
"Teheran, Julio","527054","2023",".339",".316",".388",".335","89.8","14.7",39.4,10,42.1,"79.052229818","94.533562864",68.9,16,27.1,30.8,83.7,43.9,20.2,48.1,64.9,40.7,27.1,25.3
"Ramírez, Erasmo","541640","2023",".351",".332",".394",".345","89.7","10",37.4,8.4,43.5,"78.90707514","94.533381831",73.7,14.6,26.1,37.6,84.9,42,20,51.5,63.9,43.9,27.1,26.2
"Cisnero, José","542585","2023",".330",".335",".407",".356","90.1","14.3",31.9,9.6,44.6,"78.654910244","95.094546098",70.1,20.6,25.3,39.2,78.3,42.4,25.3,48.6,59.6,44,19.3,23.5
"Anderson, Tyler","542881","2023",".340",".343",".376",".330","87","19.1",37.6,8.2,32.3,"75.818054326","93.084649767",72.1,21.1,29.5,42.6,78.3,42.8,27.8,49.7,59.9,31,33.9,26.9
"Armstrong, Shawn","542888","2023",".253",".264",".303",".287","87.5","18.1",33.3,3.6,33.3,"76.961953623","93.050103478",71.2,21.5,34.7,37.1,77.8,45.2,26.3,53.8,62.8,39.1,25.4,25.4
"Bleier, Richard","542947","2023",".333",".322",".358",".320","88.6","5.8",27.8,7.4,39.8,"76.742897925","94.60789581",70.5,13.2,38.8,25.9,86.8,44.3,17.5,55.3,76.3,55.6,15.7,21.3
"Cole, Gerrit","543037","2023",".289",".284",".366",".328","89.2","14.8",33.7,7.6,39.2,"78.703162612","93.996080634",70.5,19.4,29.9,41.5,80.6,42.8,26,50.1,67.7,40.3,27.4,24.9
"Coulombe, Danny","543056","2023",".273",".272",".344",".313","85.6","13.7",26.8,5.8,30.4,"73.855585735","92.774530741",62.4,20.5,33.9,42,78.6,41.2,29.3,46.5,56.7,45.7,26.8,15.2
"DeSclafani, Anthony","543101","2023",".347",".326",".407",".357","90.1","11.4",34.6,8.3,45.1,"78.587614774","95.105318387",67.4,11,27.2,41,89,40.5,20,46.7,61.8,42.2,24.4,27.3
"Eovaldi, Nathan","543135","2023",".308",".307",".359",".317","88.9","6.4",30.1,7.9,43.1,"77.314907795","94.415751825",69.9,18.8,28.6,42.4,80.8,43.6,26.3,47.8,60,51.5,21.4,22.2
"Gray, Sonny","543243","2023",".296",".306",".354",".332","89.1","9.6",32.9,6.9,39.2,"78.435195138","94.126464752",67.5,15,28.4,51.4,84.6,41,26,47.7,61,48,19.8,26.9
"Hand, Brad","543272","2023",".329",".345",".400",".363","88.8","14.2",38,7.3,37.3,"78.221109861","93.876145664",62.3,12.2,28.1,43.9,86.5,40.9,22.3,44.9,60,39.3,21.3,32.7
"Hendricks, Kyle","543294","2023",".313",".308",".351",".323","85.2","11.2",33.7,6.2,31.5,"72.3316","93.059797773",62,13.7,33.9,32.5,85.8,44.9,21.1,46.7,67,47.4,21.6,23.1
"Jackson, Jay","543351","2023",".286",".287",".343",".294","87","18.2",29.1,7.6,35.4,"75.644634359","93.151009231",70.3,18.4,29.9,55.7,81.6,43.6,30.4,49,71.1,45.6,30.4,12.7
"Lyles, Jordan","543475","2023",".340",".314",".379",".319","89","19.8",34.6,9.9,35.5,"78.646858035","93.749665333",69.6,11.9,28.4,38.3,87.7,42.8,20.1,48.1,59.9,33.9,33,23.1
"May, Trevor","543507","2023",".328",".364",".351",".319","88","21.4",33.1,6,36.1,"76.610598462","93.861652077",63.3,17.7,25.4,38,82.3,45.3,23.6,44.1,58.5,32.3,24.8,27.1
"McGough, Scott","543518","2023",".317",".319",".403",".349","91.3","10.5",30.1,10.4,48.6,"80.605606374","95.733735249",64.8,20.5,31.8,53.2,79.2,42.3,31.8,47.7,58,49.2,23,22.4
"McHugh, Collin","543521","2023",".348",".360",".387",".362","88.6","10.5",33.5,6.2,35.6,"78.113725895","93.630827632",67.8,19.4,27.8,39.9,80,43.7,25.7,47,65.2,45.4,20.1,29.4
"Shaw, Bryan","543766","2023",".304",".325",".327",".305","88.3","11.8",34.6,3.9,36.2,"78.456962969","93.371465906",68.2,16.9,23.2,41.8,83.1,42.6,23.4,45.3,56.8,40.2,26.8,26
"Tonkin, Michael","543859","2023",".305",".298",".365",".320","89.8","19.1",32,8,40,"80.065595586","94.129354414",68.9,19.7,29.4,38.2,80.1,42.6,24.8,50.3,66.7,38.7,27.1,23.1
"Lorenzen, Michael","547179","2023",".327",".316",".366",".319","90","13.8",33.9,8,40.2,"80.116257074","94.295669956",68.6,15.1,30.1,36.6,84.9,41,21.6,49.4,66.7,41.9,30,23.1
"Ryu, Hyun Jin","547943","2023",".303",".304",".337",".310","87.8","11.7",29.2,7.6,36.8,"76.900121548","93.399926726",65.7,17.8,30,28.5,82.2,47.6,21.1,48.1,60.7,46.2,23.4,24
"Chapman, Aroldis","547973","2023",".261",".294",".370",".334","86.5","10.4",34.9,9.2,33,"74.310414259","93.325749907",64.9,35.4,23.4,62.3,64.6,42.3,42.2,44.9,56.3,47.7,18.3,24.8
"Raley, Brooks","548384","2023",".284",".315",".324",".301","85.8","15.7",31.3,4.9,29.2,"73.900633944","92.883279155",61.6,17.5,28.3,49.3,82.1,37,28.9,43.4,63.9,43.1,26.4,20.1
"Stripling, Ross","548389","2023",".358",".327",".422",".363","89.5","10.8",39.6,10.2,41.3,"78.684940959","94.417360342",70.1,20.3,26.1,32.4,79.3,48.3,23.5,48.2,68,44.4,23.5,28
"García, Yimi","554340","2023",".289",".294",".371",".341","87","10.7",31.9,6.6,35.2,"74.900477865","93.538766798",67.1,23.4,29.9,48.5,76.3,42.5,31.3,48.2,63.5,47.3,20.9,24.7
"Wheeler, Zack","554430","2023",".277",".277",".350",".322","86.9","14.2",35.1,5.1,36.4,"75.393585916","93.267420573",70.6,20.2,32.1,46.9,79.6,44.4,28.6,51.3,61.6,41.2,26,23.7
"Ureña, José","570632","2023",".363",".350",".382",".317","90.2","10.6",29.8,10.6,39.7,"79.7618748","94.5252938",68.7,16.7,30.1,30.8,82.8,45,21.8,47.1,62.6,48.3,29.8,19.2
"Cessa, Luis","570666","2023",".437",".444",".450",".423","91.8","13.2",44.4,7.4,46.3,"81.29199963","95.686700467",69.8,9.9,24.6,26.3,89.5,45.7,14.2,47.3,64.4,38,16.7,38
"Bellatti, Andrew","571479","2023",".338",".344",".393",".354","90.9","20.9",36.8,6.6,32.9,"82.417141579","94.331733733",67.2,25.2,33.7,47.7,74.1,43,33.9,48.5,60.2,31.6,34.2,25
"Boyd, Matthew","571510","2023",".317",".311",".380",".331","89.3","17.6",32.5,8.4,36,"79.392958713","93.784884876",68.8,22.2,32.1,47.7,77.8,47.4,30.8,49.7,64.4,38.9,31,22.2
"Carasiti, Matt","571539","2023",".350",".355",".368",".329","91","2.6",34.1,6.1,36.6,"81.4521695","94.697154",64.6,20.4,18.1,33.3,79.6,41.4,23.1,42.1,64.5,56.1,19.5,23.2
"Corbin, Patrick","571578","2023",".373",".356",".418",".364","90.7","11.7",37.9,9.3,44,"80.192000808","94.927415572",65.4,11.6,27.1,43.1,87.9,44.4,21.2,45.7,65.4,45.3,25.3,24.5
"Farmer, Buck","571656","2023",".311",".305",".355",".297","87.8","19.8",28.2,8.7,35,"76.605196569","93.628873498",66.9,22.9,28.9,45.2,75.8,44.5,30.1,47,62.5,33.5,32.5,20.4
"Floro, Dylan","571670","2023",".284",".314",".340",".340","87.1","5.2",32.4,2.9,37.1,"75.578762706","93.377427515",63.4,18.2,30,35.1,81.1,43.5,24,46,68,54.7,14.1,27.6
"Heaney, Andrew","571760","2023",".327",".323",".383",".326","90.1","14.8",31.4,10.2,38.6,"80.118188846","94.263143438",68.3,18.6,30.5,41.8,81.2,43,26.4,48.2,67.2,41.9,31,21.4
"Koch, Matt","571863","2023",".327",".312",".365",".319","90.1","8.1",31.2,8,44.8,"79.297549839","94.709539106",71.5,13.3,30.1,46.4,86.2,43.7,22.5,51.7,66.9,51.2,22.4,22.4
"Law, Derek","571882","2023",".334",".356",".361",".339","87","14.2",38,4.8,32.5,"76.354562875","92.89302625",68.7,18.6,28.9,44.5,80.4,41.4,26.9,47.8,62.1,42.2,25.3,25.9
"Loup, Aaron","571901","2023",".322",".332",".369",".334","87.9","8.2",39.6,8.5,37.2,"76.320776296","93.91056354",66.7,15.8,32.4,31.5,83.8,42.4,20.5,50.7,64.8,48.2,21.3,25.6
"Matz, Steven","571927","2023",".304",".311",".355",".331","89.1","11.8",31.3,4.7,38,"78.62219","93.875030892",66.3,19,27.8,41.6,80.8,44.8,25.3,47.8,61.2,45.9,23.7,24.4
"Mikolas, Miles","571945","2023",".354",".329",".401",".350","90.4","15",38.9,9.8,43,"80.242845536","94.593177009",68,13.3,27.5,26.7,86.4,44.2,16.7,49.7,68,39,27.7,26.6
"Miller, Shelby","571946","2023",".280",".293",".319",".267","89.5","14.9",30,7,37,"79.278076","94.426995758",61.1,18.2,22.7,49.3,81.8,41.9,26,43,58,39,27,22
"Milner, Hoby","571948","2023",".267",".264",".319",".289","86.6","10.1",33.1,6.2,35.4,"75.541705682","92.879613257",56.4,16.2,29.6,28.5,83.1,47.9,20.6,42.5,65.5,50,20.8,21.9
"Paxton, James","572020","2023",".300",".296",".360",".315","89.3","13.8",33.3,9.2,39.9,"78.616297574","94.167414449",70.7,18.7,29.3,48.6,81.1,42.5,27.5,50,59.9,42.9,26,23.4
"VerHagen, Drew","572403","2023",".309",".323",".341",".297","88.1","15.5",30.1,8.1,36.4,"77.23417593","93.51544564",65.3,21.3,28.2,51.3,78.4,39,30.6,46.4,61.3,41,31.8,20.2
"Johnson, Pierce","572955","2023",".305",".317",".409",".369","90.7","13.1",43.9,6.4,47.1,"81.235819231","94.529324551",62.4,17.6,33.3,58.2,81.5,41.6,33.1,46.8,63.8,37.6,22.3,35
"Keuchel, Dallas","572971","2023",".358",".371",".375",".346","86","4.4",31.5,7.1,34.6,"73.493209063","93.34413622",61.2,9.8,29.7,35.3,89.6,45.9,20.4,42.6,63.4,53.5,18.9,25.2
"Mantiply, Joe","573009","2023",".306",".292",".352",".307","87.7","7.1",28.3,9.2,35.8,"76.512844833","93.591291513",65,18.7,35.1,31.4,81.3,40.1,23.2,49.7,66.7,54.2,25,17.5
"Rogers, Taylor","573124","2023",".294",".312",".364",".318","89.7","15.9",25.8,9.7,45.2,"78.206038","94.86508375",55.6,18.5,27.7,43.5,80.7,41.4,26.7,41.7,66.7,43.5,25.8,18.5
"Stroman, Marcus","573186","2023",".318",".335",".361",".343","90.3","3",30.7,5,41.4,"79.8502842","94.625671429",66.6,12.9,26.8,41.9,86.2,44.3,22.3,45.1,57.9,57.4,16.2,24.2
"Thielbar, Caleb","573204","2023",".292",".261",".397",".326","88.6","20.4",37.2,11.5,35.9,"77.961406667","93.743461948",70.6,20,28.3,33.3,79.4,41.4,23.7,50.1,58.3,37.2,30.8,20.5
"Kikuchi, Yusei","579328","2023",".319",".305",".401",".346","90.5","13.3",37.7,9,42.4,"80.862697662","94.432324264",67,18.5,29.6,50.4,81.4,43.5,28,48.7,59.4,40,25.5,26.1
"Adam, Jason","592094","2023",".320",".319",".408",".338","87.2","14.4",30.6,12.1,39.5,"74.798043226","93.949121626",64.1,30,29,43.4,70,38,34.4,45.9,64.9,41.9,29.8,17.7
"Covey, Dylan","592229","2023",".340",".359",".367",".349","87.8","7.6",31,4.2,37.3,"75.672090145","93.981446496",66.7,9.6,29.8,28.2,89.9,45.4,15.9,46.9,65.8,53.5,16.2,24.6
"Gausman, Kevin","592332","2023",".303",".294",".408",".356","89.4","12.3",36.9,9.9,43.3,"77.897586061","94.803198308",68.2,19.9,32.6,45.8,79.9,43.2,28.9,49.3,63.4,42.9,26.4,24.7
"Gray, Jon","592351","2023",".325",".330",".377",".341","89.4","13.4",35.5,6.4,39.5,"78.991165586","94.126791486",69.2,17,32.1,46.5,82.5,42.4,26.3,50.8,66.5,40.8,26.8,25.7
"Jackson, Luke","592426","2023",".282",".295",".357",".312","88.8","7.7",29.8,8.3,40.5,"77.798236667","94.044697381",70.9,19.7,28.8,54.4,79.8,39.6,30.4,49,62.4,51.2,26.2,19
"Kahnle, Tommy","592454","2023",".263",".282",".303",".273","86.8","8.2",29.9,4.1,22.7,"76.311426875","92.701005313",64.2,26.4,29.2,51.4,73.1,44.8,35.2,45.3,60,49.5,26.8,17.5
"Shreve, Chasen","592741","2023",".314",".305",".379",".331","88.3","12.5",30.8,9,38.2,"77.289517692","93.683012077",65.7,17.4,33.4,44.5,82.1,43.8,28.5,47.9,63.2,44.4,27.1,21.8
"Smyly, Drew","592767","2023",".313",".315",".361",".320","87.6","19.2",35.9,7.3,33.6,"76.258119279","93.493708582",64.4,17.9,31.8,42.7,81.7,43,27.1,46.6,62.6,35.9,28.1,24.3
"Stanek, Ryne","592773","2023",".310",".304",".364",".305","90.1","22.5",32.9,7.1,44.3,"80.460036714","94.168075429",76.9,24.1,27.4,49.6,75.9,40.6,30.7,52.4,60.6,30.7,37.9,22.9
"Stewart, Brock","592779","2023",".242",".277",".335",".315","88.3","15",34.5,3.4,31,"78.548301071","93.075705179",69.7,36.2,29.6,55.7,63.8,37.3,41.5,51,62.3,37.9,24.1,29.3
"Syndergaard, Noah","592789","2023",".381",".353",".420",".356","88.7","14.8",38.9,11.1,42.2,"76.831032434","94.369710132",68.4,14.1,26,30.1,85.7,44.5,17.9,49.1,62.1,38.2,27.8,28.1
"Taillon, Jameson","592791","2023",".332",".311",".396",".336","88.3","16.7",36.2,10.7,38.4,"76.828018498","94.064186052",67.9,17.1,29.2,34.2,82.8,44.5,22,49.1,69.6,38.4,28.1,23.9
"Velasquez, Vince","592826","2023",".313",".319",".367",".333","88.3","19.5",37.3,6.4,39.1,"76.945370182","94.173883303",67.5,19.5,27.9,44.2,80.5,41.8,27.2,46.9,64.2,31.8,31.8,27.3
"Walker, Taijuan","592836","2023",".322",".329",".351",".314","89.1","11.1",33.1,6.8,40.9,"77.901900078","94.417705363",63.7,13.5,27.4,34.5,86,41.5,20.5,44.1,60.7,45.3,25,23.4
"Williams, Trevor","592866","2023",".360",".342",".403",".343","88.3","15.9",36.9,10.2,38.6,"77.005416033","93.997254483",69,12.5,28.1,32.7,87,46,19,47.1,58.7,40,27.3,24.5
"Germán, Domingo","593334","2023",".319",".309",".391",".335","88.3","16.3",33.8,9.7,41.4,"76.477494483","94.254431419",69.1,21.2,33.6,48.1,78.6,41,30.3,50.9,64.2,39.7,28.6,22.1
"Neris, Héctor","593576","2023",".283",".297",".332",".290","86.5","19.4",29.2,8.1,28,"74.983366667","93.067123097",71.5,25.3,31.6,41.4,73.7,43.4,30.6,50.6,56.4,34.2,33.5,20.5
"Rodriguez, Eduardo","593958","2023",".310",".311",".370",".334","88.6","13.8",31.4,7.5,38.5,"76.990684623","94.247869548",67.7,18.1,27.9,38.4,81.5,44.3,23.8,47.8,64.1,42.6,23.4,26.7
"Peralta, Wandy","593974","2023",".332",".360",".358",".327","86.8","3.6",26.4,7.1,34.3,"74.522176471","93.562167037",70.3,17.2,32.5,45.8,82.8,42,29.7,46.8,57.7,57.1,22.1,17.1
"Mayers, Mike","594577","2023",".331",".342",".353",".333","91.1","14.2",28.3,4.3,35.9,"82.340802889","94.420854607",69.4,14.1,23.6,36.5,85.9,47,19.5,47.3,55.5,44.6,27.2,22.8
"Moll, Sam","594580","2023",".262",".311",".294",".283","87.7","7.9",26.4,2.5,35.6,"77.055905556","93.266613354",61.2,16.8,26.5,36.9,82.6,42.2,22.5,44.6,58.8,52.1,23.3,19
"deGrom, Jacob","594798","2023",".212",".196",".326",".280","86.2","13.8",31.8,9.1,33.3,"74.218173636","93.089270152",70.3,27,37.5,63.5,72.3,42.6,42.1,51.7,66.1,37.9,30.3,21.2
"Gonzales, Marco","594835","2023",".349",".352",".384",".353","89.7","13.8",37.4,6.7,36.8,"79.9982705","93.984348",65.2,12.8,31.8,34.4,86.5,47.6,19.8,48.6,60.5,40.5,23.9,29.4
"Lively, Ben","594902","2023",".342",".323",".404",".347","89.1","14.3",38.4,8.3,36.2,"78.678613796","93.973515839",64.7,14.2,24.5,39.3,84.7,41.3,20.7,45.4,60.6,39.1,26.4,28.6
"Neal, Zach","594943","2023",".404",".390",".473",".390","87.7","12.3",49.4,12,41,"74.15568439","94.70369122",69.7,14.5,29.9,42.9,85.5,42.4,23.1,49.6,64.2,34.9,26.5,33.7
"Okert, Steven","595345","2023",".304",".301",".386",".326","88.2","23.5",43.2,9.5,34.5,"77.366805","93.579871042",68.4,24.1,26.7,47.1,75.1,38.5,30.5,47.6,64,26.4,33.8,29.1
"Junis, Jakob","596001","2023",".299",".294",".375",".334","88.5","13.1",32.9,8.2,35.4,"77.203347131","93.956878724",61.8,13.9,31.8,52.5,85.4,41.1,27.2,46.7,68.1,42.8,26.7,23.5
"Stephenson, Robert","596112","2023",".257",".246",".385",".310","87","19.4",31.5,13,32.4,"75.278738704","93.543032991",68.1,29,41.3,71,70.1,40.1,46.3,53.7,68.3,34.3,31.5,21.3
"Weaver, Luke","596133","2023",".357",".340",".415",".360","89.3","15.4",40.2,9.8,42,"78.04239848","94.508679902",69,17.7,24.9,32.9,81.9,44.4,21.6,47.3,60.2,35.9,27.6,29.3
"Lawrence, Casey","596271","2023",".323",".310",".353",".287","88.1","19.6",32.2,7.8,37.8,"77.522450444","93.45089236",66.2,15.6,29.2,32.4,84.4,46.8,21.4,46.1,65.8,33.3,36.7,22.2
"Gomber, Austin","596295","2023",".362",".346",".397",".347","90.5","12.8",31.3,8.9,44.3,"79.777446652","94.9510922",67.9,14.3,24.2,34.2,85.6,45.1,19,47.5,63.3,42.8,26.8,23.6
"Ramirez, Nick","598286","2023",".304",".303",".339",".315","85.8","7.5",36.6,6,28.4,"74.679746119","92.475416767",63.7,15.6,29.4,42.7,83.4,40.3,24.1,46.7,66.3,48.5,22.4,25.4
"Leclerc, José","600917","2023",".276",".290",".326",".276","85.9","25.1",29.4,8.1,32.4,"74.117229706","92.838483824",72.2,24.2,31.6,52.7,75.1,41.4,35.4,48,54.5,28.7,35.3,19.9
"Machado, Andres","600921","2023",".356",".333",".432",".367","87.8","10.1",38.7,11.3,39.3,"75.614672329","94.157285655",68.5,17,32.1,39.3,83,43.9,24,50.6,60.5,44,29.3,24
"Pivetta, Nick","601713","2023",".308",".297",".409",".340","90.5","13.4",40.1,11.8,43.8,"80.327621156","94.780976127",65.5,19.3,33.1,49,80.6,42,29.6,48.9,61.6,36.6,32.6,26.5
"Barlow, Scott","605130","2023",".300",".334",".352",".336","85.5","11.2",39.2,4.4,29.8,"73.854599438","92.647788983",58.9,18.8,30.8,51,81.2,40,30.8,43.9,58.9,44.2,18.8,29.3
"Bassitt, Chris","605135","2023",".310",".306",".364",".320","87.5","13.2",36,8.3,35.3,"75.819874626","93.662809412",65.6,16.6,27,36.3,83.2,42.5,21.9,47.3,63.4,42.9,27.1,23.2
"Brebbia, John","605154","2023",".280",".278",".362",".307","90.7","21.3",31,10,44,"81.2441848","94.4502274",67.6,20,27.2,46.2,80,42.4,27.4,47.6,69.4,30,41,23
"Chafin, Andrew","605177","2023",".321",".331",".392",".342","86.8","13.9",38.6,9.8,32.6,"74.918832923","93.364925462",60.3,17.8,31.2,50.3,81.8,42.2,31.8,43,59.8,40.2,24.2,27.3
"Clevinger, Mike","605182","2023",".312",".307",".351",".307","88.1","21.4",34.9,7.2,35.9,"77.254600722","93.563543824",69.4,15.3,29,41.8,84.4,42.2,23.2,49.1,63.4,31.3,33.8,23.3
"Davies, Zach","605200","2023",".355",".361",".399",".360","89.7","11",35.2,8,42.4,"78.341048626","94.848384733",61.2,13,24.1,39.9,86.8,47.4,22,40.3,56.5,44.3,24.6,26.1
"Edwards Jr., Carl","605218","2023",".316",".357",".331",".327","86.3","10.1",33,4,29,"76.0653006","92.2617121",68.4,16,30.1,32.3,84,45,21.6,47.4,61.4,45,23,28
"Fulmer, Michael","605242","2023",".319",".338",".384",".353","86.4","15.4",37.3,6.3,30.3,"74.989243521","92.916518592",65.8,18.1,29.5,62.9,81.6,41.2,33.5,46.2,63.7,39.4,27.5,24.6
"Holmes, Clay","605280","2023",".261",".287",".304",".298","89.5","-3.4",23,2.4,43,"78.759462892","94.387747152",62.2,16.8,24.5,51.6,82.9,42.1,26.2,43.9,58.8,66.7,10.9,20.6
"Houser, Adrian","605288","2023",".316",".315",".364",".333","90.5","11.2",30.9,7.1,46.3,"80.081314368","94.913925072",64,12.9,26.4,31.6,86.5,45,18.4,45.2,60.7,47.1,27.1,20.6
"López, Jorge","605347","2023",".353",".363",".395",".356","90.9","9.4",36.9,6.4,45.5,"80.901915484","94.963574486",64.8,13,28.7,47.4,87,40.8,23.2,47.3,64.3,47.1,18.2,28.3
"Musgrove, Joe","605397","2023",".274",".282",".326",".303","87.5","11.1",32.4,5.1,33.5,"76.963213382","93.134513137",64.2,15.6,35.5,43.7,84.2,44.3,26,49.4,64.7,46,24.6,23.9
"Nola, Aaron","605400","2023",".298",".284",".376",".329","89.3","12.7",36.3,8.3,38.5,"78.53543572","94.143390037",64.5,16.9,34.7,42,82.8,46.9,26,49.3,64.8,43.1,25.9,24.6
"Romano, Jordan","605447","2023",".280",".297",".357",".318","89","16.6",34,7.3,36.7,"78.43683027","93.983183716",68.8,22.8,33.2,60.8,76.8,42.2,35.9,50.3,59.7,38,26.7,24.7
"Snell, Blake","605483","2023",".300",".318",".376",".330","87.2","10.6",37,7.4,33.8,"75.667264472","93.364914171",65.6,23.8,27.9,58.4,76.2,41.9,37.3,42.9,59.3,43.7,24.9,26.4
"Suárez, Andrew","605498","2023",".365",".358",".378",".322","90.4","15.9",29.6,8.2,41.8,"79.878209184","94.945976939",67.7,13.2,23.8,38.3,86.8,41.5,19.4,46.4,62.3,41.8,31.6,17.3
"Turnbull, Spencer","605513","2023",".372",".377",".401",".356","88.4","9.6",35.9,8.7,36.9,"77.376548039","93.969568515",61.5,15.8,28.9,35,84.2,45.6,21.9,45.2,59.3,47.6,25.2,21.4
"Woodruff, Brandon","605540","2023",".261",".264",".332",".303","89","18.3",32.9,6.8,41.6,"77.742251519","94.345438797",67,22,30,45.1,77.7,45.1,28.3,50.1,66.4,37.3,29.8,23.6
"Gallegos, Giovanny","606149","2023",".314",".290",".404",".345","90.5","16.3",38.6,10.1,46.2,"80.313157436","94.854441667",71.3,22.3,35.1,60.5,77.7,38.6,36.2,51.9,65.9,36.1,31.6,24.7
"Montero, Rafael","606160","2023",".329",".327",".405",".351","87.9","11.1",33.7,9.1,41.7,"75.219854839","94.495087473",72.3,26.1,29.9,37.6,73.7,47.9,29.9,49.1,61.4,40.6,27.3,26.2
"Payamps, Joel","606303","2023",".279",".287",".348",".323","87.8","13.8",34.2,4.8,33.7,"77.056424022","93.302298804",62.7,19.8,25.7,43.5,79.6,42.5,26.9,43.8,64,47.6,22.5,21.4
"Devenski, Chris","606965","2023",".328",".306",".411",".345","90.3","18",31.1,13.4,42.9,"79.717117966","94.765837692",70.3,17.1,29.1,53.8,82,38.4,29,48.2,69.8,41.2,31.9,21
"Rea, Colin","607067","2023",".323",".314",".378",".329","90.4","13",34.5,7.7,43.3,"79.914554222","94.82878625",67.8,16.7,27.4,42.5,83.3,45,24,47.9,64.6,44.1,26.3,22.7
"Rodón, Carlos","607074","2023",".351",".338",".410",".341","91.6","22.1",37.6,12.2,41.8,"82.470750319","94.827768032",76.6,19,30.5,44.3,80.7,40.2,26.3,53.4,59.4,27.5,39.2,25.9
"Weems, Jordan","607179","2023",".319",".328",".386",".320","89.9","16",36.2,11.3,38.3,"79.22853087","94.579723551",67.5,19.7,23.4,46,80.3,40.4,27,44.3,58.1,39,32.6,22
"Glasnow, Tyler","607192","2023",".292",".280",".406",".344","90.4","5.8",33.3,11.6,44.6,"79.670819645","95.026014982",66.1,21.9,30.1,66.4,78.1,39.1,35.3,48.6,68.5,50.9,23.2,22.1
"Garrett, Amir","607237","2023",".339",".364",".376",".323","90.6","14.8",31.3,9.4,42.2,"80.150800968","95.253748525",65.6,22.7,23,35,77.3,43.9,26.4,42.2,48.2,48.4,31.3,18.8
"Martinez, Nick","607259","2023",".308",".316",".361",".329","84.7","6.4",30.5,7.1,29.9,"72.647017961","92.400089572",62.9,17.7,33.1,46.5,81.9,42.5,28.6,46.9,63.9,54,20.6,20.3
"Bummer, Aaron","607481","2023",".293",".338",".343",".334","89.2","-2",27,2.7,44.6,"77.472409863","94.916127724",53.5,18.5,27.7,56,80.8,44.3,32,40,60.6,60.1,16.2,21.6
"Freeland, Kyle","607536","2023",".361",".338",".397",".344","90.2","14.3",35,8.7,43.5,"79.780080451","94.648559793",71.6,10.2,29,35,89.3,45.4,17.1,51,65.3,40.9,29.6,24.4
"Lugo, Seth","607625","2023",".323",".308",".396",".346","90.7","9.9",34.6,9.6,44.2,"80.522905755","94.837821229",64.8,14.5,25.9,41.8,85,42.4,21.8,46.3,63.1,45.4,24.2,26.4
"Vasquez, Andrew","607755","2023",".303",".329",".314",".288","85.7","11.4",30.8,5.5,30.8,"74.769348592","92.348956809",56.7,9.3,27.1,37,89.1,41.4,17.5,42.9,63.3,47.3,24,22.6
"Estévez, Carlos","608032","2023",".311",".333",".385",".345","90.4","20.4",33.5,6.6,44.3,"80.181386265","94.71135103",72.6,23.3,27.1,41,76.5,44.6,27.5,51.9,65.9,31.7,25.7,28.1
"Fried, Max","608331","2023",".257",".267",".314",".299","86.5","4.8",23.7,3.8,32.7,"74.725411442","93.124307343",68.5,17.2,29,45.8,82.2,42.7,27.2,46.5,58.5,59.2,18,19
"Giolito, Lucas","608337","2023",".329",".318",".403",".335","89.2","18.5",33.3,11,41.6,"77.97955087","94.420691621",67.6,18.8,27,52.6,81,41.2,28.8,46.8,61.3,36.1,29,23.1
"Irvin, Cole","608344","2023",".358",".341",".420",".361","88.5","12.2",39.6,10.8,34.6,"77.457432185","93.945420633",68.3,14.8,30.6,35.9,84.7,45.1,20.8,50.5,61.6,41.7,28.3,23.8
"Sims, Lucas","608371","2023",".302",".332",".321",".266","87.6","27.6",32.1,8.8,32.1,"77.930104478","92.659713284",67.9,23.4,27.7,52.5,75.7,41.5,33.1,45.7,55.3,24.8,39.4,21.2
"Wacha, Michael","608379","2023",".318",".312",".376",".331","88.1","18.5",38.6,7.3,35.5,"77.384295812","93.517212696",65.9,17.1,29.7,41.5,82.9,44.6,24.6,47.9,61.8,35.2,31.3,24.8
"Chargois, JT","608638","2023",".296",".310",".326",".296","87.7","4.2",34.5,4.2,34.5,"76.889727069","93.315827241",59,12.8,21.7,39.7,87.2,43.7,20.3,40,53.8,54.6,19.3,22.7
"Graveman, Kendall","608665","2023",".328",".348",".365",".326","88.6","16",32.2,6.9,35.6,"78.124939425","93.688025491",64.3,20.8,27.6,44.5,78.3,41.9,29.2,43.6,63.5,38.5,28.2,24.7
"Leone, Dominic","608678","2023",".350",".346",".413",".340","89.7","14.7",36.4,11.9,44.4,"78.60371","94.596106556",74.4,21.6,32.4,56.2,78.4,42.3,34.1,50.7,63.9,37.1,34.4,24.5
"Stratton, Chris","608717","2023",".293",".287",".349",".304","89.7","17.3",30.4,8.3,39.1,"79.772715526","93.99139141",67,18.8,27.2,29.8,80.8,45.4,21.9,47.5,61.2,39.1,31.7,20.9
"Suter, Brent","608718","2023",".279",".303",".296",".289","84","11.9",28.7,3.3,26.3,"71.878234752","92.1555801",64.1,13.9,26.1,40.3,85.3,40.4,22,44.3,62.7,46.9,23.9,19.6
"Voth, Austin","608723","2023",".313",".326",".351",".316","88.4","17.3",31.5,5.6,35.2,"77.863921852","93.685382243",66.1,18,30.7,35.8,80.6,41.4,24,47.8,60,34.3,26.9,28.7
"Castro, Miguel","612434","2023",".302",".314",".348",".312","86.1","10.5",33.3,6.1,28.3,"74.751686517","92.77636882",61.4,18.4,30,44.1,80.9,41.9,26.9,45.7,58.1,44.4,20,27.8
"Ruiz, José","614179","2023",".354",".362",".388",".340","89","13.2",39.7,8.5,36.2,"79.078778592","93.699931702",68.7,21.1,27.8,45.7,77.6,40.5,29.5,45.9,57.3,38.3,27,27
"Quantrill, Cal","615698","2023",".365",".359",".385",".341","87.9","13.4",37.2,8.4,39.2,"76.12958117","94.010311696",70.8,14.8,26.5,28.3,85,41.6,18.9,47,62.2,40.4,24.7,27.6
"Cuas, Jose","621016","2023",".354",".363",".414",".357","89.9","10.1",36.3,11.7,41.3,"79.528946517","94.366915281",66.7,21.7,27.5,45.7,77.8,39.6,29.5,45.5,60.6,45.3,22.3,25.7
"Wilson, Steven","621051","2023",".285",".296",".317",".264","87.2","27.7",28.8,8.3,33.3,"76.25042197","93.07623697",67.1,21.4,22.3,42.1,78.2,43.6,26.7,44.2,58.3,25.8,34.1,19.7
"Rucker, Michael","621074","2023",".325",".337",".366",".327","91.6","7.8",32.5,7.9,49.1,"81.332750175","95.494645614",67.2,16.1,23.5,54.8,83.9,39.2,27.7,43.1,56.3,51.8,13.2,26.3
"Kaprielian, James","621076","2023",".337",".343",".372",".321","89.6","22.8",36.6,7,38.7,"79.709583516","93.935672363",66.7,19.7,29.5,37.3,80.3,42.8,25,48.5,64.3,32.3,33.9,24.2
"Eflin, Zach","621107","2023",".270",".252",".351",".306","87.5","9.1",29.2,9,35.1,"75.557414813","93.73501605",64.4,16.8,34,38.8,82.8,46.2,24,49.9,65.7,50.4,22,20.2
"Blackburn, Paul","621112","2023",".323",".333",".376",".346","87.2","12.2",38,5.8,33.2,"75.914154103","93.276282179",66.3,13.3,29.8,41.9,86.5,43.6,23.8,45.7,58.6,41.5,23.6,29.4
"Alvarado, José","621237","2023",".258",".286",".360",".348","91.1","8.5",31.1,4.4,45.6,"80.807919111","95.266776292",66.8,24.8,31.8,52.1,74.8,42.7,33.5,49.5,59.9,55.6,13.3,26.7
"Berríos, José","621244","2023",".326",".318",".397",".350","88.2","11.8",39.1,8.6,35.8,"77.334530262","93.583561201",63.2,16.7,30.5,42.7,83.2,43.4,25.4,46.5,63,42.1,25.1,26.6
"Underwood Jr., Duane","621249","2023",".387",".390",".413",".373","88.4","11.6",37.3,8,38.7,"76.887142632","94.090015733",62,14.6,32.4,30.4,85.4,43.1,20.1,47.2,62,44,26.7,26.7
"Wittgren, Nick","621295","2023",".331",".343",".339",".311","88.6","9.7",34.4,7.3,34.4,"78.129556042","93.714724375",70.4,11.6,26.4,25.4,87.8,41.5,15.4,48.1,64.1,44.8,24,27.1
"Minter, A.J.","621345","2023",".282",".285",".380",".339","87.9","17.7",36.9,7,36.3,"76.785325844","93.554433399",70.6,20.7,30.8,55.1,79.3,45.1,31.4,50.4,61.2,36.3,28,27.4
"Poche, Colin","621363","2023",".253",".274",".283",".264","87.2","21.1",29.4,5.6,31.3,"76.467480897","93.019998846",67.5,20.6,31.4,45.7,79.1,43.1,29,48.8,58.4,36.3,29.4,21.9
"Borucki, Ryan","621366","2023",".284",".277",".338",".308","85.7","11.1",25.2,6.3,29.7,"74.245395455","92.658574404",66,21.4,36.1,41.9,77.1,41.8,27.7,52.7,69.7,47.7,24.3,18.9
"Strahm, Matt","621381","2023",".276",".267",".366",".319","90.2","19.8",35.2,8.2,42,"80.266605648","94.451620791",67.6,22,29.2,45.3,77.8,45.9,28,50.4,62.7,33.8,29.7,26
"Banks, Tanner","621383","2023",".322",".309",".373",".319","90.3","16.9",35.3,9.2,37,"80.889155543","94.06682612",68.2,19.4,22.9,41.4,80.6,39.9,24.6,46.4,66.5,37,33.2,24.5
"Blach, Ty","621389","2023",".399",".387",".439",".391","90.1","13.2",41.9,11,43.4,"78.337754925","95.196757079",67,8.5,30.5,30.3,91,44.8,15.1,49.2,64.2,39.3,26.1,30.1
"Young, Alex","622065","2023",".311",".316",".357",".325","90.2","12.4",28.5,6.1,44.2,"79.7651005","94.585088125",67.8,16.3,35.6,53.7,81.9,39.1,30,50.9,61.9,49.7,19.4,22.4
"Wood, Alex","622072","2023",".331",".342",".350",".317","89.2","11.7",33.1,5.6,37.4,"79.410722752","93.772164765",66.9,16.4,25.5,35.1,83.2,45,21.7,45.8,60.6,45.9,27.2,21.6
"Almonte, Yency","622075","2023",".320",".347",".368",".342","87.7","12.6",34.4,6.9,31.3,"77.081482154","93.181284846",62.5,18.7,27,52.1,80.9,40.3,30.2,43,59.7,42.7,27.5,22.9
"Smith, Drew","622098","2023",".322",".332",".366",".313","89.5","22.7",38,10.7,39.3,"79.453139467","93.8532688",71.3,22.2,26.2,34.6,77.5,41.6,26,46.5,57.4,30.7,37.3,22
"Sborz, Josh","622250","2023",".284",".282",".371",".326","89.9","12",30.8,8.5,40.8,"79.353664923","94.555186923",63.6,25.7,31.4,57.8,73.9,42.6,36.9,47.1,60.5,46.9,23.8,21.5
"Castillo, Luis","622491","2023",".302",".288",".382",".326","90","15.9",31,9.4,41.8,"78.960209073","94.709603649",73.4,22.9,31.3,48.2,76.7,43.7,30.6,52.1,63.7,39.5,27.6,23.9
"Domínguez, Seranthony","622554","2023",".331",".341",".369",".327","85.5","14.8",35.8,8.1,31.1,"72.580060685","93.227442397",75.1,23,28.9,39.7,75.7,36.2,28,50.6,58,42.6,23,23
"Severino, Luis","622663","2023",".366",".354",".420",".363","90.2","13.6",37.9,10.4,45,"79.671218108","94.773724493",72,16.4,29.2,32,83.3,43.3,20.6,51.5,65.9,43.3,24.5,26.2
"Cordero, Jimmy","622772","2023",".291",".307",".349",".332","88.5","4.9",36,4.7,38.4,"77.774371395","93.868387558",59.4,14.6,26.7,44.9,82.8,43.2,24.1,43,56.1,55.8,15.1,25.6
"Perdomo, Angel","622780","2023",".258",".282",".371",".324","88.2","19.9",30.5,11.9,37.3,"76.796458214","93.81288625",65.8,26.6,22.9,48.1,71.7,42.9,31.6,46,60.9,37.3,32.2,22
"Sewald, Paul","623149","2023",".258",".270",".329",".293","85.9","20.9",34,5.6,29.9,"74.509063429","92.696559143",68.2,25.9,28.6,38.4,74.1,44.4,29.3,49.8,64.9,32.6,37.5,19.4
"Flexen, Chris","623167","2023",".374",".360",".414",".360","89.4","15.1",38.6,9.4,41.4,"78.528991782","94.275430661",70,15,27.4,39.8,84.7,42.8,22.3,48,61.8,38.9,24.9,28.6
"Brazoban, Huascar","623211","2023",".293",".321",".329",".303","85.4","7.9",31.2,7,28,"72.978674737","92.863718158",64.8,20.8,33.9,47.7,78.9,43.5,31.5,47.6,62,51.6,17.2,23.6
"Hader, Josh","623352","2023",".238",".278",".291",".277","87","20.5",33.6,4.4,28.3,"76.457276","92.803634545",70.5,24.8,33.6,47.2,75.2,42.8,33.1,50.1,57.6,37.2,31.9,20.4
"Anderson, Nick","623433","2023",".295",".285",".370",".325","90.8","15.9",33.3,9.4,41.7,"81.434448125","94.446942105",63.6,19.6,29.5,48.6,80.4,38.3,27.8,48,71.6,40.6,21.9,26
"Topa, Justin","623437","2023",".268",".291",".315",".307","87.5","2.6",26.9,3,36.5,"75.930174316","93.637479789",62.8,13.9,26.8,33.9,85.6,43.6,19.1,46.6,65.8,57.4,16.2,22.3
"Phillips, Evan","623465","2023",".274",".279",".355",".325","88.2","15",29.6,6.6,36.8,"77.226944667","93.584796267",63.8,17.7,31.4,53.1,81.2,42.1,29.4,47.7,60.3,44.1,27,24.3
"Herget, Jimmy","623474","2023",".322",".310",".385",".323","89.3","21.8",45.1,9.9,38.5,"78.83518913","94.155218462",66.5,13.4,25.4,41,86.6,37.5,20.4,47.2,62.4,28.6,36.3,25.3
"Suárez, Ranger","624133","2023",".321",".330",".374",".346","87.8","8.1",35.3,7.5,36.1,"76.421901685","93.62207436",62.1,15,29.6,38,84.5,45.8,23,45,61.5,48.8,21,26.4
"Thompson, Keegan","624522","2023",".319",".340",".329",".284","88.9","14.5",34.2,5.1,44.3,"78.250061795","94.202470779",62,17.6,24.6,47.5,81.7,40,26.6,42.6,66.4,39.2,31.6,20.3
"González, Victor","624647","2023",".278",".298",".313",".296","86.6","0.8",29.3,6.5,29.3,"74.914297391","93.162344891",62.9,19.9,30.4,45.1,79.5,41.8,28.8,45.7,59.7,54.3,18.5,25
"López, Reynaldo","625643","2023",".309",".317",".390",".332","88.1","14.3",33.3,9.4,38.4,"76.320518974","93.973551154",74.9,23,29,48.4,76.6,39.6,30.5,51.2,62.3,40.3,30.2,21.4
"Maeda, Kenta","628317","2023",".299",".286",".380",".326","90.4","18.3",38.9,8.2,42.1,"80.763942899","94.388046123",67.4,17.7,31.2,49.1,82.3,43.5,28.2,48.5,61.4,33.6,33.6,26.1
"Iglesias, Raisel","628452","2023",".276",".273",".366",".325","88.8","12.5",35.8,6.8,37.8,"78.013517432","93.903349252",73.2,22.4,35.4,51.9,77.6,45.7,32.7,53.4,66.1,43.2,27.7,23
"Marte, Yunior","628708","2023",".328",".333",".374",".338","87.1","11.6",28.6,7.9,34.1,"75.137260806","93.524892016",66.4,17.5,29.9,40.4,82.1,42.1,25,47.4,61.5,50,21.4,20.6
"Urias, Julio","628711","2023",".314",".292",".389",".331","87.2","17.8",31.2,8.7,34.5,"75.571332424","93.506306748",65.4,17.3,31.7,40.2,82.3,42.9,24.2,49.5,64.5,37.5,30,21.9
"Chirinos, Yonny","630023","2023",".375",".363",".408",".359","91.3","9.9",34.9,9.3,45.6,"81.408703333","95.087772349",70.6,13.5,26,29.7,86.3,42.5,17.7,48.7,60.5,46.3,21.4,27
"Finnegan, Kyle","640448","2023",".333",".329",".395",".348","92.2","9.4",34,8.5,47.5,"81.82415268","95.998433351",70,17.9,24.6,48.8,81.9,42.8,24.8,49.5,63.8,47.5,17.5,27
"Harvey, Hunter","640451","2023",".283",".273",".369",".321","89.6","11.7",32,8.5,41.2,"79.113678684","94.366785592",68.8,21.8,30.4,38,77.6,42.7,26.3,50.9,61.5,43.8,31.4,20.9
"Manaea, Sean","640455","2023",".316",".318",".382",".339","89.4","13",35.8,8.7,36.4,"78.988561887","94.09059224",70.5,17.7,27,42.4,82.3,44.8,24.1,49.8,62.1,42.4,24.3,26.2
"Puk, A.J.","640462","2023",".271",".259",".377",".320","87.3","13",27.5,8.1,32.2,"75.416323649","93.710062857",63.3,26.1,29.5,50.4,73.6,39.3,32.8,48.2,65.4,45.6,26.8,18.1
"Alzolay, Adbert","640470","2023",".294",".297",".369",".340","89.4","12.9",33.3,6,36.9,"78.908352683","94.263362256",69.2,19.2,31.5,49.7,80.8,40.2,28.1,51.4,62.5,43.5,23.8,26.8
"López, Pablo","641154","2023",".269",".272",".346",".316","87.1","12.6",32.4,6.3,34.8,"75.934517778","93.235848194",69.2,21.4,34.3,48,78,44.7,30.3,51.7,68.9,45.4,25.3,22.8
"Alexander, Tyler","641302","2023",".294",".264",".372",".315","89.2","18.8",38.8,10.9,40.3,"78.754392031","93.940287638",64.9,14.5,29,29.1,85.1,48.3,18.3,49.2,72.4,33.3,34.9,24
"Baker, Bryan","641329","2023",".282",".307",".326",".292","90","20.8",30,7.3,36.4,"80.264430909","94.059987615",71.2,19.7,25,34.7,79.9,43.8,23.6,48,67.6,35.5,34.5,22.7
"Bickford, Phil","641360","2023",".335",".349",".398",".341","90.9","22.3",34.6,10.3,42.2,"80.956531011","94.871273202",72.1,22,28.8,46.3,77.8,42.6,29.7,48.8,66.1,29.2,33.5,23.8
"Brogdon, Connor","641401","2023",".331",".329",".371",".320","86.1","15.3",37.9,10.3,32.2,"73.306963023","93.494675233",66.1,23.1,32.5,35.7,76.9,43.8,27.9,47.4,66.1,37.9,33.3,19.5
"Cortes Jr., Nestor","641482","2023",".296",".285",".356",".300","89.6","26.6",33,7.4,41.5,"79.260958182","94.1314096",70.7,20.3,26.1,36.1,79.7,46.7,24.2,49.4,66.5,26.1,36.4,21.6
"Dunning, Dane","641540","2023",".325",".327",".366",".332","88.8","10.8",32.5,7.5,40.2,"77.759256899","94.06919",66,14.2,27.9,41.4,85.5,43.3,22.2,47,63,47.2,24.2,22.4
"France, J.P.","641585","2023",".337",".328",".376",".329","89.6","13.1",33.9,8.1,38.7,"79.324354233","94.108334569",65.1,15.2,23.5,41.7,84.7,41.2,21.9,44.9,58.2,42.2,25.8,24.6
"Gott, Trevor","641627","2023",".289",".308",".344",".326","88.2","13.4",33.5,4.5,36.4,"76.879028391","93.931318439",63.9,18,26.1,34.6,81.7,44.9,22.9,44.6,57.8,41.5,22.7,26.7
"Hamilton, Ian","641656","2023",".290",".317",".350",".331","86","4.8",31.2,5.7,36.9,"72.831428028","93.681482199",66.2,25.3,31.3,50.9,73.7,42.1,34.4,47.5,58.4,56,14.9,24.8
"Hatch, Thomas","641672","2023",".317",".336",".358",".337","89.9","10.3",30.3,4.5,46.1,"79.474470909","94.512134205",70.4,14,32,57.8,86,39,29.6,49.4,60.2,53.9,24.7,18
"Honeywell Jr., Brent","641703","2023",".362",".368",".403",".357","90.9","10.4",30.4,8.1,47.8,"80.587708125","95.2103195",70,16.6,24.8,43.8,83.4,43,24,46.8,54,49.7,24.2,21.7
"Hudson, Dakota","641712","2023",".369",".371",".382",".339","90.5","4.6",30.9,8.9,45.4,"79.314918806","95.239867537",70.3,12.1,24.6,42.7,87.9,40.8,20.2,47.1,54.8,51.7,21.2,24.5
"Jiménez, Joe","641729","2023",".301",".282",".406",".344","91.1","19.5",40.9,11.4,45,"80.989682568","95.213340748",70.1,24.3,28.2,55.8,75.4,46.2,32.2,51.1,60.9,29.5,32.2,30.9
"Keller, Brad","641745","2023",".361",".407",".323",".287","89.2","5",30.3,6.8,36.4,"79.633097273","93.496134167",59.3,11.8,20.3,48,87.8,39.9,22.8,37.5,49.8,57.6,19.7,18.2
"Kuhl, Chad","641771","2023",".430",".422",".475",".383","92.2","17.6",44,12,50.4,"81.778122742","95.868107903",65.4,18.2,20.4,49.4,81.8,38.6,26.6,41,51.9,31.2,36.8,28
"Lauer, Eric","641778","2023",".405",".384",".478",".397","91.7","21.8",41,13.9,45.1,"82.100517639","95.026071875",69.5,18.2,25.6,31.5,81.8,43.6,22,46.9,56.9,25,39.6,29.9
"Littell, Zack","641793","2023",".317",".302",".379",".342","89.6","12.8",33.9,8.3,41.9,"79.017141259","94.340082281",72,13.6,31.6,40.7,86.4,47.1,21,53.4,69.3,42.2,27.3,23.5
"Mahle, Tyler","641816","2023",".279",".259",".363",".311","87.5","14.6",34.8,8.7,39.1,"76.154442647","93.509015735",62.4,16.1,31.8,36.5,83.9,48.6,24,45.6,55.9,37.7,24.6,26.1
"Mayza, Tim","641835","2023",".285",".304",".355",".343","87.3","1.9",28.6,4.1,39.5,"74.285697361","94.271990556",60.7,15.7,28.2,35.3,82.6,44.5,22.3,43.8,62.4,59.2,15.6,23.1
"Middleton, Keynan","641871","2023",".298",".305",".376",".328","85.3","4.2",25,8.1,31.5,"73.043808361","92.84698281",72.6,24.4,33.1,58.3,75.6,41.8,36,51.6,65.1,56.5,23.4,16.9
"Ober, Bailey","641927","2023",".295",".274",".367",".309","88.2","20",33.4,9.6,35.7,"77.740159286","93.490782916",73.2,22.8,33.5,41.2,77.2,46.4,28.7,53.1,66,34.7,35.2,20.8
"Pagán, Emilio","641941","2023",".296",".285",".357",".301","90.6","19.9",34.4,7.5,45.2,"81.320294565","94.544762228",75.6,20.1,29.4,37.3,79.6,42.8,24.4,54.6,63.1,32.3,35.5,22
"Saucedo, Tayler","642048","2023",".314",".354",".334",".328","85.9","0.8",25.9,5.2,31.9,"74.207399231","92.829145271",61,18.5,33.3,46.2,81.5,41.7,29.6,45.8,58,58.5,14.1,23.7
"Speier, Gabe","642100","2023",".290",".292",".395",".356","88.5","6.9",30.4,8.7,42,"76.446845882","94.689236667",67.4,17.6,39.7,49.1,81.2,37.9,30,52.8,79.3,55.8,20.3,21
"Williams, Devin","642207","2023",".254",".275",".339",".301","85.9","8.9",35.7,7,29.6,"74.738557895","92.523990965",66.7,31.2,32.5,55.9,68.4,45.9,41.1,46.9,56.7,47.8,22.6,26.1
"Winans, Allan","642216","2023",".317",".317",".393",".358","89.3","13.9",36.1,8.2,39.2,"79.051414082","93.888441959",61.3,16.1,31.9,45,83.3,41.9,25.2,47.6,64.5,45.4,26.8,20.6
"Yarbrough, Ryan","642232","2023",".322",".308",".369",".330","85.4","16.7",32.6,6.6,29.2,"73.244842394","92.76774338",67.4,17.1,33.7,35.4,82.7,43.3,22.8,51.5,67.6,39.9,26.7,23.3
"Soto, Gregory","642397","2023",".260",".275",".300",".278","87.4","8.4",28.6,5.6,34.8,"75.982967722","93.412218924",63.8,24.5,30.5,56.1,74.8,41.9,34,48.1,66.4,52.2,26.1,17.4
"Barria, Jaime","642545","2023",".353",".343",".402",".344","87.6","16.6",34,10.4,34,"76.306750597","93.493041124",71.8,17.2,26.4,37.7,82.6,42,22.9,48.5,66.4,36.2,32.1,24.3
"Hernández, Jonathan","642546","2023",".340",".347",".394",".340","88.6","10.9",30.9,10.6,40.4,"76.245600652","94.607047473",63.5,17.1,28,54.1,81.6,39.6,30,43.9,58.2,53.2,20.2,19.1
"Peralta, Freddy","642547","2023",".284",".284",".369",".324","87.6","14.6",32.3,8.6,37.7,"75.952795517","93.704981926",68.8,24.2,28.8,53.8,75.7,43,33.6,47.8,62.4,42.8,27.1,20.5
"Bautista, Félix","642585","2023",".224",".244",".342",".303","88.6","21.4",31.3,8.1,34.3,"78.80514625","93.278068125",72.7,35.4,32.6,61.3,64.3,39.9,44.3,51.2,58.6,36.4,32.3,22.2
"Herget, Kevin","643361","2023",".358",".329",".384",".316","90.5","16.3",34.5,9.5,44,"80.597936667","94.400157381",67,14.4,27,33.3,85.6,39.5,19.5,47.8,54.8,33.3,31,27.4
"Jax, Griffin","643377","2023",".263",".280",".308",".293","86.8","6.9",29,3.3,33.3,"75.185339111","93.195495722",62.8,17.1,31.4,48.1,81.4,43.8,26.6,48.1,56,56.8,17.5,19.7
"Leiter Jr., Mark","643410","2023",".310",".319",".382",".337","88.2","10.2",33.1,8.8,39.4,"76.14347975","94.247950314",65.4,20.1,27.7,54.3,78.3,39.5,32.1,44.3,61,46.3,22.5,26.9
"Pruitt, Austin","643493","2023",".309",".303",".337",".299","87","16.3",37.3,6.5,30.7,"76.404855526","92.834872105",69.3,13.2,30.9,34.1,86.4,41.9,20.4,48.6,57.7,37.3,27.5,24.8
"Rogers, Tyler","643511","2023",".257",".275",".287",".278","84.4","8.7",26.2,2.2,27.6,"71.871971892","92.516102127",70.1,19.5,29.2,30.5,80,43.1,22.4,51.2,65.1,53.3,20.9,17.8
"Alcantara, Sandy","645261","2023",".320",".317",".371",".338","88.8","7",31.4,7,40.6,"77.348736884","94.275894674",72.1,19,34.8,39.3,80.6,45.6,25.2,54.2,65,51.9,21.5,21.9
"Soroka, Michael","647336","2023",".361",".352",".411",".351","87.3","12.9",38,11,34,"75.610231837","93.616636837",65.9,16.1,23.9,44.4,83.9,44.9,23.5,45.3,57.9,46,22,27
"Abreu, Bryan","650556","2023",".279",".289",".370",".321","89.9","14.4",36.6,9.8,34,"80.589149605","93.964533377",63.9,26.7,27.2,68,73.3,38.8,39.8,44.8,56.1,38.6,28.8,26.8
"King, Michael","650633","2023",".289",".294",".372",".336","86.8","12.5",36.7,7.1,33.3,"75.062077803","93.303324394",57.8,16.8,28.5,52.8,83.2,43.7,29.4,42.5,65.1,43.4,25.8,24.7
"Civale, Aaron","650644","2023",".297",".300",".353",".324","89","16",33.5,6.6,36.4,"78.321917907","94.02557481",63.4,15.3,30.3,38.3,84.4,44.5,22.7,46.9,68.7,39.8,27.5,23.8
"Cabrera, Génesis","650893","2023",".315",".316",".377",".319","91.4","17.1",29.7,11.6,47.7,"81.502514416","95.192340519",71.4,22.3,30.3,45.7,77.7,39.2,29.8,49.7,58.1,38.7,31,22.6
"Sánchez, Cristopher","650911","2023",".299",".283",".375",".332","88.8","3.9",31,8.2,40.2,"76.691795396","94.726978195",61.3,14.3,34.8,48.4,85.2,42.2,26.4,48.2,66.7,57.7,19.9,20.6
"Duarte, Daniel","650960","2023",".292",".320",".272",".244","85.6","12.6",20.7,4.3,32.6,"73.925526739","92.683037174",70.5,18.7,25,40.8,80.8,40.9,24.5,47.9,62.5,50,22.8,15.2
"Abreu, Albert","656061","2023",".329",".345",".360",".310","89","12.6",27.9,7.3,41.8,"78.352102683","94.046799387",62.1,18.5,23.1,44.8,81.2,40.6,26,42,55.8,46.1,29.7,18.8
"Beeks, Jalen","656222","2023",".294",".308",".335",".302","88.3","10.2",32.5,7.3,35,"77.9836","93.43205",65.8,21.3,27,54.5,78.8,41.6,31,46.4,55.2,45.5,26,24.4
"Bielak, Brandon","656232","2023",".354",".356",".385",".338","90.5","8.8",30,10.4,48.4,"79.612117317","95.15938249",66.7,15.9,26.8,40.1,84.1,40.6,23.7,45,51.3,51.2,22.4,22
"Bird, Jake","656234","2023",".325",".329",".371",".338","89.7","5.3",33,8.1,43.7,"78.730692222","94.68471237",66.2,14,22.7,44,85.7,39.7,21.1,45.6,57.7,52.6,20.7,23
"Brigham, Jeff","656257","2023",".330",".328",".386",".310","90","20.6",33.7,11.6,34.7,"80.272843191","94.070005851",69,22.4,23.8,42.4,77.6,40.4,27.9,45.3,59.4,35.8,34.7,17.9
"Burke, Brock","656271","2023",".317",".301",".391",".344","89.7","15.8",31,8.6,40.1,"79.300694565","94.280314457",77,17.4,30.3,38,82.3,44,22.2,56.6,63.2,39.6,32.6,20.3
"Canning, Griffin","656288","2023",".309",".296",".390",".332","91","12.8",31.5,9.8,44.2,"81.182281765","94.781038053",66.3,17.5,29,56,82.2,39.7,29.1,48.4,60.3,43,30.1,20.5
"Cease, Dylan","656302","2023",".313",".327",".383",".349","90","15.4",36.8,6.2,41.6,"79.788605816","94.355014456",68.6,18.7,28.2,55.3,81.1,38.7,31,46.3,61.1,36.8,27.2,27.9
"Davidson, Tucker","656353","2023",".346",".356",".400",".369","88.5","12.2",36.1,7.2,34.3,"77.368361463","93.846414233",63.8,16,29.3,40.8,83.6,42.5,23.9,46.4,55.3,45.8,25.9,22.9
"Doyle, Tommy","656382","2023",".366",".371",".398",".351","90.6","13.2",33.3,11.1,43.1,"79.637014444","95.129142639",73.6,19.7,30.1,50,80.3,40.9,29.7,49.7,53.4,43.1,26.4,27.8
"Faedo, Alex","656412","2023",".302",".287",".353",".296","88.8","18.2",34.4,7.7,33.9,"77.972881099","93.849851923",66.1,14.5,28.2,45.8,85.2,45.7,23.5,47.7,66.4,36.1,30.6,23
"Flaherty, Jack","656427","2023",".343",".358",".399",".365","87.9","11.7",38.5,7.3,38.3,"76.595665118","93.759440071",65.5,18.8,25.3,44.1,80.9,42.2,26.6,44,58.9,43,24.3,27.9
"Ginkel, Kevin","656464","2023",".274",".282",".327",".288","88","9.5",32.1,7.5,37.1,"76.81440675","93.68903327",67.3,17.6,29.2,58.2,82.4,38.1,31.2,46.8,61.8,49.7,23.3,21.4
"Hentges, Sam","656529","2023",".313",".325",".384",".366","91.6","0.9",32.9,5.4,49,"81.514860676","95.57236527",62.7,14.3,26.5,59.5,84.9,44,27.4,45,56.1,57.7,16.1,25.5
"Hoffman, Jeff","656546","2023",".247",".271",".316",".300","88.1","14.4",24.6,2.5,30.5,"78.079868966","93.127529652",69.5,21.9,34,58.8,78.1,37.4,34.6,51.2,62.8,44.9,26.3,17.8
"Houck, Tanner","656557","2023",".316",".321",".358",".321","90.2","6.5",31.2,6.6,43.8,"79.839613481","94.678429651",66.5,18.6,29.3,50,81.2,43.2,28.7,47.3,61.3,53.3,20.8,21.5
"Jackson, Andre","656578","2023",".352",".338",".419",".358","90.8","14.5",39.2,10.8,44.3,"81.077767159","94.835657841",69.6,20.4,25.8,35.7,79.6,45.2,24.4,48.3,60.7,36.9,29,26.1
"Keller, Mitch","656605","2023",".315",".313",".389",".349","87.7","10.3",36.5,8.6,35.6,"75.953749524","93.735176239",65.5,18.1,27.1,37.6,81.6,42.4,23.2,47.8,63.8,44.2,25.5,25
"Kopech, Michael","656629","2023",".363",".371",".404",".331","90.3","17.8",31.6,12.7,42.4,"79.995233636","94.720039517",63.4,20,24.6,41.5,80,38.7,26.9,42.1,53.5,35.6,35,20.3
"Lange, Alex","656638","2023",".305",".347",".332",".310","88.6","8.5",33.1,7,36.3,"77.063817051","94.166499103",56.8,19.8,31.7,59.6,80.2,38.1,39.1,41,53.7,51,21.7,22.9
"Megill, Trevor","656730","2023",".279",".283",".387",".348","90.7","16.7",43.4,7.2,38.6,"81.657132927","94.418573415",62,23.1,29.1,55.6,76.9,43.4,32.5,46.7,62.2,32.5,24.1,33.7
"Megill, Tylor","656731","2023",".365",".364",".408",".358","89.8","11.7",37,9.1,42.6,"78.869756548","94.663499746",67.3,16.6,23.6,41.5,83.1,42.3,23.3,44.9,54.3,44.3,26.7,23.9
"Montgomery, Jordan","656756","2023",".308",".303",".364",".328","88.3","12",36.3,7.5,37.9,"77.154947138","93.903178297",66.4,17.7,30,42.7,81.9,43,25.9,47.6,64.7,43.8,23.6,27
"Peterson, David","656849","2023",".340",".346",".416",".371","90","5.3",34.4,8.1,44.5,"78.230617763","95.247518383",66.7,18.9,29.3,47.8,79.9,41.3,29.2,45.9,56.7,55.2,17.2,23.1
"Rasmussen, Drew","656876","2023",".265",".278",".327",".315","87.3","9",29.7,4.2,32.2,"76.58317931","92.998889741",65.1,11.2,31.9,54.6,88.8,44.2,23.7,50.1,73.4,53.4,15.3,22.9
"Scott, Tanner","656945","2023",".246",".277",".328",".326","85.3","9",34.3,3.4,26.3,"73.512373721","92.600342515",66.1,25.5,35.3,57,74,42.7,36.1,51.2,70.1,50.3,19.4,25.7
"Smeltzer, Devin","656970","2023",".409",".365",".463",".375","90.9","18.3",40.8,11.8,47.4,"80.409739211","95.116525",64.3,12.6,29.5,34.6,87.4,41.3,19.3,47.4,68,35.5,32.9,23.7
"Steele, Justin","657006","2023",".290",".295",".358",".339","87.8","9.3",33.4,5.4,36.6,"76.614522327","93.56474102",71.5,15.7,31.9,44.6,84.2,43,23.8,52.9,65.5,50.3,19.5,24.1
"Swanson, Erik","657024","2023",".271",".263",".340",".289","89.2","17.1",31.3,6,40.4,"78.590354756","94.143308232",69.6,26.7,33.3,43.5,71.8,43,32.6,50.4,60.7,40.4,36.7,16.3
"Thompson, Ryan","657044","2023",".277",".278",".285",".245","86.9","5",17,5.7,34.1,"75.112111628","93.446035412",61.5,10.2,24.4,40,89.1,38.5,17.8,44.4,59.5,62.5,20.5,10.2
"Toussaint, Touki","657053","2023",".352",".377",".385",".343","89.1","7",34,7.7,39.6,"78.377955","94.19691645",59.5,14.3,25.2,44.7,85.2,40.6,25.2,40.1,50.3,50.2,21.7,24.7
"Webb, Jacob","657097","2023",".302",".330",".337",".302","88.1","15",32.6,5,39.7,"77.57997","93.502877214",70.4,28.1,33.1,40.5,71.9,43.2,32.2,51.2,62.8,37.6,31.2,24.8
"Wright, Kyle","657140","2023",".352",".358",".398",".345","91.1","-1.4",32,12,46,"80.598265102","95.447128367",65.8,12.7,30.3,42.9,86.7,42.3,22.8,47.3,60,61,14,24
"Merryweather, Julian","657240","2023",".298",".310",".385",".340","89.8","14.5",32.1,7.1,40.5,"78.820764512","94.791822866",66.4,21.1,30,63.2,78.9,41.2,35.1,47.3,65.7,41.7,29.8,22
"Strzelecki, Peter","657265","2023",".320",".332",".362",".322","89.1","14.7",34,7.5,36.8,"79.79585","93.35481381",67,22,26.5,37,77.6,41,26.6,45.5,53.7,38.7,34,22.6
"Webb, Logan","657277","2023",".295",".287",".365",".336","90.7","0.6",28.4,6.9,46,"79.69594423","95.252167361",62.4,11.1,32.5,39,88.4,45.7,20.7,47.4,65.3,62.7,14.9,20.5
"Schmidt, Clarke","657376","2023",".320",".316",".373",".333","89.2","13.8",31.1,7.6,41,"77.79197595","94.39970499",63.8,12.8,29.7,44.4,86.9,41.2,22.6,47.1,63.7,43.6,24.6,23.8
"Baumann, Mike","657508","2023",".352",".355",".409",".349","91.3","12.4",31.6,9,45.8,"81.36503875","95.141209143",69.4,16.8,27.5,45.3,83.2,43.8,25,48.3,62.4,42.9,30.5,22.6
"Bernardino, Brennan","657514","2023",".311",".327",".378",".349","89","7.7",35.1,6.7,32.8,"77.912866119","94.22936218",59.8,18,18.5,50,82,42,24.7,40.7,53.7,49.3,16.4,27.6
"Ferguson, Caleb","657571","2023",".303",".335",".355",".351","89.3","9.1",29.6,3,39.1,"78.899408313","94.030250667",67.3,17.8,28.6,48.3,81.1,44.2,26.1,49.2,57,49.1,15.4,26
"Hill, Tim","657612","2023",".342",".350",".353",".324","89.9","1.9",21.8,5.1,44.2,"78.493449079","95.204223377",67.5,11.2,30.1,24.8,88.8,43.8,15,50.1,55.9,63.5,18.6,16.7
"Ryan, Joe","657746","2023",".291",".271",".386",".327","90","20.4",34,8.7,41.6,"79.798987488","94.412337442",74.1,22.9,32.9,37,76.6,45.9,26.8,55.1,67.3,33.1,34.7,23
"Seabold, Connor","657756","2023",".345",".334",".382",".331","89.2","16.5",38.6,10.1,40.5,"78.167385563","94.395988079",73.8,16.3,23.5,40.4,83.7,41.8,21.5,50.3,63.4,34,32,26.5
"Avila, Pedro","658648","2023",".310",".341",".348",".331","88.5","2.8",26.5,4.4,41.9,"76.27409803","94.493011298",66.3,20,27.9,47,78.9,39.2,28.9,45.7,61.4,60.3,15.4,22.1
"Lamet, Dinelson","659275","2023",".375",".384",".423",".356","91.6","11.9",34.8,11.2,52.8,"82.060792","95.274111685",70.2,13.1,20.2,56.9,86.4,41.6,24,43.6,51,42.7,23.6,25.8
"Fujinami, Shintaro","660261","2023",".335",".350",".377",".328","90.4","13.9",33.3,7.7,44.6,"79.712802523","94.937518281",68.6,25.5,23,43.3,74.5,41.7,30.1,45.4,52.2,39.2,27,25.7
"Ohtani, Shohei","660271","2023",".302",".305",".384",".322","86.4","11.5",34,10.1,35,"73.9743325","93.442735912",66,22.4,25.7,54.1,77.2,39.4,30.8,46.7,60.1,45.8,25.6,20.5
"Suarez, José","660761","2023",".369",".365",".402",".338","88.7","23.9",34.5,11.2,39.7,"77.648675614","93.966659027",69.8,24,26.3,40.7,76,41,28.5,48.1,59.8,33.6,32.8,19.8
"De Los Santos, Yerry","660787","2023",".300",".333",".314",".286","88.1","2.1",26.4,5.6,30.6,"78.353837778","93.19074831",67.7,11.5,24.9,29.4,88.5,42.3,16.6,45.6,65.7,55.6,20.8,19.4
"Graterol, Brusdar","660813","2023",".272",".286",".311",".305","87","1.9",24.2,4.6,32.5,"75.801982737","93.158832328",67.2,10.8,30.7,31,89.2,45.6,16.3,50.7,66.1,66,16,13.4
"De Los Santos, Enyel","660853","2023",".315",".325",".366",".329","88.7","14.3",36.8,8.2,33.3,"78.162220581","93.744391871",71.3,17,27.7,54.9,82.5,44,27.4,49.7,60.2,40.4,28.7,27.5
"Martinez, Adrián","661309","2023",".352",".352",".400",".358","88.6","13.7",42.4,10,37.6,"77.21628","94.169164588",67.8,15,26.6,40.4,85,38.9,23.1,45.5,52.7,38.2,24.7,30.6
"Duran, Jhoan","661395","2023",".251",".279",".325",".298","89.2","-3.7",21.1,7,38,"77.74989913","94.47050942",72.8,25.7,30.1,57.8,73.7,42,35.2,51.4,59.9,66.2,15.5,14.8
"Clase, Emmanuel","661403","2023",".271",".276",".322",".301","88.4","1.9",29.4,5,37.6,"77.813478692","93.632457477",71.5,17.3,30.8,56.5,82.4,45.2,27.4,53.4,56.7,56.6,19,20.8
"Llovera, Mauricio","661440","2023",".339",".356",".375",".338","89.5","9.1",29.5,6.3,41.1,"78.890293571","94.360238018",60.7,14.1,21.6,27.9,84.9,41.9,17.3,42.8,61.1,49.1,20.5,23.2
"Martinez, Seth","661527","2023",".354",".362",".416",".365","90.2","12.3",40.8,9.6,45.6,"78.59309459","95.292387705",66.5,16.4,26.7,46.2,83.6,41.9,25.4,45.8,58.5,39.2,24,28.8
"Muñoz, Andrés","662253","2023",".268",".306",".332",".322","88.4","1.8",29.9,5.1,35.9,"76.950256271","94.025287863",64.5,29.3,32.2,58.7,70.3,45.6,39.4,48,59.1,59,13.7,24.8
"Suarez, Robert","663158","2023",".279",".291",".329",".289","88.1","9.5",25.7,6.8,36.5,"78.087812703","93.165961757",70.5,24.2,26,32.1,75.8,45,26.2,49.2,60.7,50,25.7,20.3
"Waldron, Matt","663362","2023",".325",".308",".368",".318","86.7","14.2",33.1,10.8,38.5,"74.942241077","93.199644231",67.6,15.8,25.8,28,84.2,46.2,18.9,47.8,63.6,40,26.9,22.3
"Feltner, Ryan","663372","2023",".330",".365",".341",".326","86.1","13.7",33.8,4.5,29.3,"74.102836364","93.03714053",61.4,15.4,24.9,38.5,84.6,45.3,21.5,44.3,62.7,43.6,21.1,27.1
"Thornton, Trent","663423","2023",".273",".265",".322",".291","85.9","14.9",32.3,4.3,29,"74.541244894","92.718846344",64.5,16.7,28.7,35.5,83.3,41.9,22,47.6,68.8,39.8,30.1,21.5
"Campbell, Isaiah","663462","2023",".304",".316",".371",".327","88.3","14.8",34.2,9.6,41.1,"77.232934595","93.968865479",68.2,17.8,28.2,51.4,82.2,42.5,28.6,46.9,63,39.7,30.1,24.7
"Hjelle, Sean","663546","2023",".328",".353",".374",".352","88.6","2.7",36.3,6.6,41.8,"76.655722444","94.533688778",63,11.4,24.7,51.6,88.6,39.1,22.3,44.4,64.5,53.8,13.2,28.6
"McClanahan, Shane","663556","2023",".313",".309",".385",".338","89.7","11.2",35.8,9.8,42.3,"78.377342105","94.790624079",68.8,23.9,32.2,55.1,76.1,43,33.4,51.2,64,44.6,25.4,23.5
"Moran, Jovani","663558","2023",".297",".329",".334",".308","86.2","15.1",32.1,6.4,27.5,"74.957443269","92.705976923",65,27.8,22.8,59.1,71.7,42.7,37,42.1,56,43.1,28.4,22.9
"Falter, Bailey","663559","2023",".339",".322",".389",".344","89.6","14.8",34.1,9,39.3,"78.959150153","94.357570992",68.8,11.8,29.2,36.2,88,43.5,18.3,50.6,65.1,40.4,23.2,26.6
"Davis, Noah","663562","2023",".335",".352",".352",".321","89.3","13.7",29.7,5.9,38.6,"79.2047086","93.8069757",67.7,14.3,25.1,35.6,85.7,42.1,19.8,47.1,54.8,47.5,21.8,21.8
"Lambert, Peter","663567","2023",".354",".330",".405",".336","90.8","14.6",32.1,11.1,45.8,"80.886906324","94.866375646",70.2,15.7,25.4,37.4,84.1,44.1,21.6,47.5,58.1,41,32.1,21.4
"Irvin, Jake","663623","2023",".345",".345",".377",".328","90.4","14.7",33.1,10.3,39.6,"80.193214837","94.671824251",64,12.6,22.6,33.1,87.1,44.6,17.8,43.7,56.8,42.5,30.1,20.6
"Ward, Thaddeus","663658","2023",".356",".377",".363",".304","89.4","12.8",31,10,37,"78.8910772","94.191185455",58.3,17.7,21.3,36.4,82.3,37.6,23.2,38.6,47.2,46,31,16
"Harris, Hogan","663687","2023",".345",".338",".388",".329","90","13.8",35.2,9.2,44.9,"79.321777938","94.822451503",64.3,19.6,21.4,37.6,80.4,41.2,23.1,46,58.8,39.3,27.6,25
"Lynch IV, Daniel","663738","2023",".340",".324",".372",".321","88.2","18.7",29.7,7.6,32,"78.199267412","93.192133964",70,15.1,29.2,45.5,84.5,44.6,24.6,48.8,64.1,39.5,32.6,16.9
"Woodford, Jake","663765","2023",".394",".385",".417",".360","92.1","5.8",35.1,11.3,49.4,"82.348462048","95.586837108",66.2,13.4,17.5,25,86.6,42.2,15.8,41.7,59.9,51.2,19.6,25.6
"Hoeing, Bryan","663773","2023",".350",".334",".394",".333","90.5","10.5",35.3,9.4,44.2,"80.389107658","94.647689009",62.8,13.4,27.4,38.8,86.6,44.8,21.9,43.8,64.9,45.1,30.4,23.2
"Sandoval, Patrick","663776","2023",".333",".351",".366",".338","87.6","9.4",38,7,35.1,"76.334476941","93.456079153",65.8,18.7,29.1,46.2,81.1,41.7,27.7,46.6,59,47,18.9,27.9
"Kowar, Jackson","663804","2023",".329",".363",".350",".331","87.9","13.1",34.5,5.7,34.5,"77.443011628","93.26703",65.5,15.4,26.5,48.8,84,39.8,26.3,44.2,59.9,44.8,23,27.6
"Hicks, Jordan","663855","2023",".283",".311",".333",".314","86.7","-0.1",27.4,5.4,35.7,"73.765856747","93.860384157",55.1,18.3,28.2,46.9,81.4,42.1,28.2,41.4,58.1,58.9,16.1,21.4
"Pearson, Nate","663878","2023",".305",".310",".352",".300","91.6","22.9",29.7,8.5,47.5,"82.045290678","95.317051864",67.9,17.4,20.2,54.5,82.6,37.7,26.4,43.1,53.8,30.5,30.5,21.2
"Singer, Brady","663903","2023",".340",".334",".388",".347","91","9",34.8,7.8,48.6,"80.379261107","95.275444743",64.2,12.2,26.4,48.7,87.5,41.9,22.7,45.6,61.5,50.2,21.7,24
"Beck, Tristan","663941","2023",".298",".294",".343",".308","88.1","14.9",32.3,7.6,35.7,"77.489580916","93.428860725",68.6,16.4,28.9,41.5,83.6,43.3,23.6,49.2,62.2,41.8,28.9,22.1
"Holton, Tyler","663947","2023",".290",".283",".351",".315","86.1","12.2",35.5,6.9,32.5,"73.903434298","93.193423684",65.3,18.4,31.8,43.6,80.6,41.6,26.1,49.3,68.8,45.9,23.8,24.7
"Stephan, Trevor","663986","2023",".327",".325",".398",".344","89.1","14.1",34,8.5,38.3,"78.125946022","94.214192162",73,23.2,29.9,46.1,76.8,43.9,30.6,49.9,62.1,42.6,27.1,22.9
"Gonsolin, Tony","664062","2023",".366",".351",".414",".345","90.2","16.2",35.9,11.4,41.8,"80.064225855","94.496690495",71.3,12.9,30.4,39.1,86.6,42.1,21.5,49.4,65.3,36.3,31,24.2
"Fairbanks, Pete","664126","2023",".252",".283",".323",".306","85.7","10.4",27.2,3.3,35.9,"71.983792444","93.760373889",61.8,25,28.2,45.7,75,43.6,30.7,46.6,62.5,51.1,17.4,21.7
"Gibaut, Ian","664139","2023",".299",".315",".342",".315","86.7","16.2",34.3,6,31.9,"75.758066449","92.92461385",69.3,19.8,32.1,39.1,80.2,47,25.5,51.7,67.7,40.7,28.7,23.1
"Lucchesi, Joey","664192","2023",".354",".346",".388",".336","88.8","12.3",34,10.4,38.2,"76.992813286","94.404763813",64.3,11.7,26.5,29,87.8,42.8,17.4,43.8,62.6,47.9,22.2,22.2
"Clarke, Taylor","664199","2023",".344",".330",".421",".350","89.6","19.8",36.4,12.7,41.6,"78.229226977","94.730639942",67.3,18.8,34.9,42.6,81.2,39.9,27.6,50.3,65.7,31.8,32.4,24.9
"Maton III, Phil","664208","2023",".275",".291",".315",".276","84.5","11.7",31.9,7.2,23.5,"73.633544146","91.74159908",71,24.3,30.2,51.9,75.7,42.8,32.9,50,65.2,43.4,27.7,21.7
"Valdez, Framber","664285","2023",".320",".317",".392",".350","91.5","4.2",30.9,8,45.6,"81.844590865","95.101299868",65.1,13.7,29,56.1,86,40.7,26.7,47.2,58.8,55.2,18.5,23.9
"Moreta, Dauri","664294","2023",".270",".278",".339",".289","86.7","13.3",36,8.1,33.1,"75.08028194","93.171127836",65.5,24.7,23.9,57.8,75,37.8,33.6,44.5,58.2,40.4,24.3,24.3
"Javier, Cristian","664299","2023",".323",".307",".379",".310","89.1","23.8",38.1,9.4,38.3,"78.877175219","93.876231451",69.2,19.7,29.3,42.2,80,41.5,27.1,48,55.3,26.1,38.8,24.2
"Urquidy, José","664353","2023",".332",".332",".357",".317","86.6","17.4",37.9,8.9,34,"75.045406667","93.081307833",72,20.1,33.3,34.4,79.3,44.7,25,51.4,57.8,36.5,27.1,24.1
"Díaz, Alexis","664747","2023",".286",".323",".322",".301","89.8","18",29.2,6.5,41.6,"79.712143514","94.261263986",71,26.2,27.8,52.5,73,39.1,34.8,47,54.9,39.6,27.3,21.4
"Helsley, Ryan","664854","2023",".233",".262",".289",".267","88.6","15.5",27.6,3.9,39.5,"77.891453947","93.9362575",68.6,26.8,31.7,52,73.2,42.4,35,49.9,56.8,40.8,28.9,21.1
"Lawrence, Justin","664875","2023",".299",".328",".337",".311","89.5","7.8",32.2,5.4,39,"79.216335051","94.027269747",57.5,15.4,24.8,45.8,84.3,42.3,24.1,41.7,61.3,48.8,18.5,26.3
"Kremer, Dean","665152","2023",".339",".329",".400",".350","89.7","12.7",36.9,8.9,40.3,"79.052297752","94.393783895",69.2,18.5,26.3,38.4,80.9,43.1,24,47.7,62.6,40.2,26.8,28
"Medina, Luis","665622","2023",".335",".352",".373",".336","89.3","11.5",36.4,6.2,41,"78.648992375","94.171801406",67.5,15.6,26.4,45.7,84.4,41,24.5,46.1,50.9,43.8,23.5,26.9
"Peguero, Elvis","665625","2023",".301",".328",".329",".314","89","2.1",30.4,3,38.1,"78.13722869","94.042018452",63.8,17.7,34.2,48.9,82.3,43.3,31.1,46.5,55.4,56,19.6,21.4
"Cabrera, Edward","665795","2023",".300",".329",".332",".295","87.6","7.6",24,6.9,35.4,"76.188126311","93.597034733",60.9,17.1,30.5,50.3,82.6,43.7,30.9,43.1,54.4,55.7,22,15.4
"Assad, Javier","665871","2023",".330",".333",".379",".339","87.6","11.4",31.2,9,41.2,"74.988090325","94.258846091",64.6,13.6,23.1,38.8,86,42.6,20.7,42.9,57,47.3,22.8,21.9
"Garrett, Braxton","666129","2023",".328",".318",".407",".367","90.2","7.4",32.2,7.8,45.1,"78.937398913","95.013758957",63.2,13.6,31.2,48.8,86.1,42.4,25.3,47.2,66.3,49,20.5,26.6
"Ragans, Cole","666142","2023",".283",".299",".345",".315","87.8","10.6",31.8,6.4,36.9,"77.096364224","93.330060519",71.2,23.4,28.4,48.9,76.2,44.2,30.9,49.4,59.3,44.5,26.3,24.2
"Kauffmann, Karl","666154","2023",".398",".395",".401",".347","93.4","12.5",36.1,9,49.2,"85.298930164","95.724048099",70.6,11,26.4,29.2,88.4,44.8,17.2,45,50.6,41.8,28.7,27
"Lodolo, Nick","666157","2023",".336",".319",".433",".352","90.8","8.3",36.3,12.7,40.2,"80.3363972","95.3382382",61.7,16.7,32.3,56.2,82.8,43.5,30.4,46.9,63.9,47.1,26.5,23.5
"Manning, Matt","666159","2023",".355",".328",".392",".324","90.9","16.9",33.5,10.9,43.9,"81.289962185","94.692669244",65.3,16.2,22.5,28.7,83.8,42.5,18.8,46.8,62,38.5,30.5,21.3
"Thompson, Mason","666168","2023",".330",".341",".359",".329","86.6","7.2",30,5.3,35.9,"73.971674167","93.643920595",61.5,13.2,25.7,42.5,86.4,38.9,21.6,43.9,62.1,50.6,21.2,21.8
"Luzardo, Jesús","666200","2023",".307",".298",".393",".339","89.5","14.5",34.7,9.5,40,"78.474338846","94.421479593",67.7,19.7,31.3,54.2,80.1,42.1,31.4,48.6,59.4,41.1,28.6,21.6
"Manoah, Alek","666201","2023",".372",".386",".400",".344","89.5","16.3",33.6,9,44.8,"78.083411053","94.912594528",67.9,15.1,26,36.7,84.9,42,21.8,45.4,59.5,38.8,29.1,24.3
"Muller, Kyle","666205","2023",".402",".392",".440",".379","92.1","12.8",35.4,10.9,49.6,"81.514482868","95.88538107",71.3,13.5,24.1,44.7,86.1,41.2,21,48.4,53.2,43.4,28.1,23.4
"Wentz, Joey","666214","2023",".363",".345",".421",".354","89.9","17.4",36.6,11.5,41.5,"78.993358439","94.633444798",69.8,17.2,25.4,47.7,82.1,44.7,25.2,47.8,62.2,36.9,29.1,24.2
"Soriano, George","666277","2023",".326",".341",".372",".336","89.9","13.1",34.5,7.4,38.5,"79.743508649","94.351616395",64.1,18.8,25.7,52.6,81.2,38.7,28.8,44.5,52,43.2,25.7,23.6
"Balazovic, Jordan","666364","2023",".354",".353",".378",".331","92.1","14.3",30.4,7.6,49.4,"83.50657225","95.019168354",69.3,9.2,21.4,50,90.1,38,18.1,46.4,61.1,44.3,31.6,19
"Brash, Matt","666374","2023",".280",".302",".372",".349","88.1","12.5",31.3,4.8,34.3,"77.214648072","93.573118788",62.6,24.1,29.2,63.3,74.8,41.1,38.1,44.5,61,45.8,30.1,19.9
"Santos, Gregory","666619","2023",".276",".303",".322",".326","88.9","2.9",32.8,1.5,34.8,"79.5073986","93.27311196",64.4,18.4,33.5,53.5,81.3,44.6,30,49.4,62.5,52.2,15.9,30.3
"Brito, Jhony","666745","2023",".327",".315",".371",".318","88.6","14.1",30.6,9,36.9,"78.143114242","93.652918669",67,17.8,29.5,30,81.8,44,21.5,48.2,59.9,44.4,29.9,19.4
"Doval, Camilo","666808","2023",".265",".299",".334",".313","88.9","8",26.9,5,41.3,"77.396166456","94.413793228",68.5,24.3,29.4,51.7,75.4,42.1,33.3,47.8,58.4,52.5,20.6,20
"Frías, Luis","666818","2023",".346",".359",".370",".328","89.7","15.9",30.9,8.5,38.3,"78.762276596","94.472970532",69.9,20.1,29,40.2,79.9,39.7,26.4,48.4,60.4,41.5,29.8,20.2
"Cano, Yennier","666974","2023",".281",".291",".344",".329","88.4","-2.5",30.2,5.4,38.1,"76.374853232","94.291122792",68,17,32.3,44.1,82.7,40.4,25.5,50.4,69.1,58.9,15.3,24.3
"King, John","667463","2023",".324",".331",".346",".331","87.8","-3",22.8,5.5,37,"76.298082581","93.704773306",68.1,15.8,31.5,33.3,82.5,45.7,21.5,49.5,62.4,66.9,12.6,19.7
"Soriano, José","667755","2023",".310",".341",".376",".333","92","6.8",31.3,9.1,44.8,"83.003424792","95.226782632",57.4,18.1,30.8,65.2,81.9,43.1,36.2,42.9,60.1,52.5,21.2,22.2
"Nogosek, Stephen","668665","2023",".360",".352",".407",".331","89.7","15.3",35.1,11.7,42.9,"78.310378718","95.05929013",67.4,19.9,20,35.8,80.1,38.2,24,41.7,50.8,37.7,31.2,24.7
"Erceg, Lucas","668674","2023",".297",".340",".323",".308","86","7.9",34,6.4,33.3,"74.335598451","92.859649858",62.9,20.7,23.2,46.2,79.3,42,28.4,41.5,56.8,44,24.1,25.5
"Plesac, Zach","668676","2023",".355",".337",".394",".354","91.7","8.9",30.2,8.1,43,"81.267934762","95.446203929",74.2,11.8,32.4,38.6,87.5,48.9,19.4,54.3,54.3,52.3,18.6,24.4
"Gallen, Zac","668678","2023",".314",".300",".399",".352","91.5","12.3",36.4,9.2,46.2,"82.024994196","95.003873538",65.2,14.7,30,50.3,85,43.8,26.3,47.2,66.1,42.3,26.5,27
"Thompson, Zack","668868","2023",".329",".330",".402",".360","90.3","11.6",35.6,6.9,43.6,"79.987046087","94.692869126",60.7,15.8,26.8,41.4,83.3,44.7,23.7,43.8,58.2,45.7,22.3,25.5
"Greene, Hunter","668881","2023",".302",".304",".384",".329","90.1","17.4",34.1,9,44.1,"79.486794615","94.826537544",70.3,22.6,29.4,48.4,77.1,44.3,30.6,49.2,64.5,35.9,35.5,22.1
"Williams, Gavin","668909","2023",".316",".334",".363",".332","88","14.6",34.1,5.4,38.6,"76.800011518","93.71581704",68.1,23.1,26.6,39.9,76.9,44.6,27.8,47.5,63.2,38.6,26.5,28.7
"Ashcraft, Graham","668933","2023",".340",".345",".374",".340","88.4","8.1",34,6.9,38.9,"76.720419821","94.143819215",68,13.4,27.3,45,86.1,43,22.1,48.2,59.8,48,22.4,24.4
"Romero, JoJo","668941","2023",".261",".285",".328",".329","87.6","-0.5",31.9,2.1,38.3,"76.319134348","93.480358261",64.1,27.4,29.3,57.9,71.5,42.3,36.3,47.8,63.9,58.5,12.8,25.5
"Hollowell, Gavin","668970","2023",".354",".367",".387",".331","86.6","20",37.8,8.2,35.7,"74.819953265","93.405662165",66.2,23.2,26.9,31,76.3,44.2,25.5,46.2,49.7,33.7,31.6,23.5
"Gore, MacKenzie","669022","2023",".347",".334",".434",".365","89.9","14.5",35.1,12.1,43.7,"78.41922712","94.967012446",69.3,19.1,29.3,47.2,80.9,42.6,27.9,48.5,58.9,39.1,28.7,26.5
"Wilson, Bryse","669060","2023",".308",".303",".349",".311","88.6","16.9",36.7,7,35.8,"78.110094018","93.617053973",70.2,12.4,26.7,34.6,87.3,43.1,18.5,48.7,61.1,37.6,31,24.9
"May, Dustin","669160","2023",".286",".305",".303",".289","89","11.3",29.6,5.2,40,"78.713021176","93.811450593",65.8,13.8,25.9,21.6,85.4,47.9,15.8,47.3,59.9,44.4,26.7,24.4
"Nelson, Ryne","669194","2023",".349",".325",".386",".324","90.8","16.2",37.1,11.6,42.7,"80.703908814","94.897921525",70.4,15.2,25.1,37.4,84.6,43.3,20.3,49.8,62.2,37.5,31.2,22.9
"Burnes, Corbin","669203","2023",".285",".298",".337",".313","86.4","10.5",31,5.3,32.4,"74.856549488","92.974631594",65.8,17.9,30,48.6,82,41.8,28.7,46.3,59.3,44.1,24.3,25.9
"Akin, Keegan","669211","2023",".334",".324",".427",".376","90.7","14.1",42.3,11.5,48.7,"79.6037","95.380623947",68.7,19.5,34.5,36.6,78.7,38.9,24.6,53.1,71.8,35.9,26.9,29.5
"Morgan, Eli","669212","2023",".307",".307",".377",".335","86","12.6",32.7,9,32.3,"73.543223673","93.211532347",71.5,19.1,33.8,46.4,80.7,42.5,28.2,51.7,63.4,41.2,25.1,25.1
"Lee, Dylan","669276","2023",".360",".337",".449",".378","88.5","13.9",42,11.6,39.1,"77.226090294","93.996502687",69.5,21.2,37.6,46.6,78.1,43,30,53.7,73.3,40.6,26.1,27.5
"Gilbert, Logan","669302","2023",".297",".280",".373",".328","90.5","13.6",35,9,44.6,"80.44648539","94.746169145",71.5,18.1,29.8,49,81.8,40.7,26.3,52.2,63.5,42.2,28.5,23.2
"Wells, Tyler","669330","2023",".307",".280",".374",".297","89","20.7",32.1,11.7,38.7,"77.869539808","94.191887404",67.5,19.2,28.4,41.9,80.3,41.7,26.3,47.2,62.1,33,35.2,20
"Skubal, Tarik","669373","2023",".236",".242",".321",".304","88.5","8.7",24.6,4.2,40.3,"76.823271277","94.322965106",69.4,23.1,33.5,51.3,76,44.9,31.3,53,62.6,51.8,19.4,19.9
"Mlodzinski, Carmen","669387","2023",".308",".334",".343",".321","88.7","10.5",35.4,4,41.4,"77.2524072","94.159690808",66.9,15.9,23.5,37.5,84.1,42.9,21.4,45.4,61.6,47.5,19.2,25.3
"Lambert, Jimmy","669424","2023",".362",".364",".443",".379","91.1","18.3",40,12.7,46.4,"79.735016296","95.85720963",66.3,17.4,24.2,53.7,82.6,40.3,27.1,45.2,58,34.5,28.2,27.3
"Englert, Mason","669438","2023",".383",".363",".435",".377","91.4","15.7",38.9,9.8,44.6,"81.579043298","95.155365508",73.6,15.4,27.5,46.9,83.5,43,23.6,51.3,61.3,40.4,30.6,24.4
"Bieber, Shane","669456","2023",".336",".332",".394",".360","91.6","9.5",34.4,7.8,47.8,"81.658119741","95.361877073",64.4,11.5,29,50.5,87.5,42.2,24.2,46.1,67.4,47.5,22,26.1
"Nelson, Kyle","669459","2023",".299",".282",".393",".335","89.6","16.3",39.5,9.6,39.5,"79.423240658","94.139193179",70.5,17.5,34.7,56.2,82.1,42.9,30.4,52.5,70.2,39.5,24.8,24.2
"Liberatore, Matthew","669461","2023",".369",".367",".405",".356","90.1","12.1",35.7,8.5,42.7,"79.495381616","94.74873697",66.3,11,23.9,39.8,89,41.2,18.7,44.9,53.6,43.7,24.6,25.1
"Pallante, Andre","669467","2023",".314",".340",".317",".309","89","-11.6",19.5,3.5,41.6,"77.543855714","94.411945179",67.8,10.7,21.9,42.6,89.3,42.5,18.2,45.3,58.9,77,7.1,15
"Long, Sam","669674","2023",".339",".356",".368",".337","89.1","14.7",32.4,9,37.9,"79.424599444","93.568113566",67.5,14.9,29.9,31.1,85.1,43.8,20.1,48.2,62.9,43.4,26.9,22.1
"Murphy, Chris","669684","2023",".295",".301",".346",".316","87.1","12.5",34.5,6.9,33.1,"76.340273662","92.992926809",71.8,16.4,26.6,36.6,83.3,41,22.4,47.8,56.1,44.8,29,21.4
"Wesneski, Hayden","669713","2023",".348",".334",".414",".352","88.7","14.1",37.3,12.3,38.1,"77.298453594","94.21268251",61.7,16.7,27.1,36.9,82.9,43.1,22.7,44.6,62.4,41.2,26.5,26.2
"Hernandez, Jose","669796","2023",".313",".315",".401",".342","89.2","16.4",34.8,8.7,34.8,"78.063585294","94.337749185",64.6,20,27,50.8,80,42.5,29.3,45.6,59.1,39.9,29.7,21.7
"Blanco, Ronel","669854","2023",".345",".345",".396",".333","88.5","17.2",34,11.8,34.7,"77.820547778","93.64306021",76.5,23,29.1,56,77,41.4,33,51.2,58.4,34.7,34.7,26.4
"Kirby, George","669923","2023",".305",".286",".382",".342","89.2","12.4",32,7.5,40.9,"78.350455269","94.249794794",70.9,17.2,32.9,39.1,82.4,45.2,22.9,54.5,69.5,44.6,25.7,22.1
"Scholtens, Jesse","669947","2023",".339",".334",".369",".327","89.3","14.1",35.5,8,37.6,"79.284771608","93.694755594",67.4,14.4,26.2,34.8,85.1,42.7,20.8,45.2,65.2,41.1,28.6,24.4
"Rosenberg, Kenny","670046","2023",".293",".309",".321",".295","88","16.6",29.4,6.9,30.4,"76.986203725","93.524386373",69.5,16.1,27.1,40.3,83.9,43.5,23.3,47.3,55.5,44.1,24.5,20.6
"Holderman, Colin","670059","2023",".294",".305",".350",".321","89.1","6.4",28.1,5,43.1,"77.63394275","94.453290189",69.4,15.3,25.7,44.9,84.7,41.9,23.2,47.7,62.2,53.8,19.4,20
"Francis, Bowden","670102","2023",".297",".276",".370",".310","90","18",35.9,10.9,41.3,"80.045582391","94.268477473",68.6,16.3,29.4,40.3,83.2,39.9,23.2,49.5,64,35.9,34.8,21.7
"Oller, Adam","670124","2023",".411",".402",".432",".368","91.9","17.9",44,9.3,46.7,"82.080382105","95.628624267",77.6,16.3,20.6,32.7,83.7,39.1,20.7,44.7,49.5,30.7,30.7,30.7
"Schreiber, John","670167","2023",".313",".336",".364",".324","89.3","12.7",32.8,6.6,39.3,"78.359269661","94.188102966",63.1,19.8,26.1,35.5,80.2,44.8,24.5,44.2,66.8,43.4,26.2,23
"Winckowski, Josh","670174","2023",".302",".315",".350",".325","89.4","8.7",30.3,6.4,41,"79.12233576","93.985863",69.4,17.5,29.7,46.2,81.9,42.8,26.2,49.4,62.5,51.4,17.9,23.5
"Bednar, David","670280","2023",".262",".269",".333",".293","88","15.6",29.5,5.2,40.5,"76.900823176","93.665319353",75.4,25.6,34.5,47.2,74.4,42.7,32.8,54.1,60.1,42.2,30.1,18.5
"Oviedo, Johan","670912","2023",".329",".342",".361",".324","88.6","11.9",32.2,7.6,40.2,"77.184773602","94.173687869",69.8,16.1,24.7,52.1,83.6,42,26,46.5,53.9,44.6,23,25
"Richards, Trevor","670950","2023",".292",".297",".389",".326","88.5","17.3",38.7,10.4,37.6,"77.59265093","93.89933936",63.4,24.1,37.5,50.6,75,41.7,36.8,47.6,64.7,31.8,38.2,23.1
"Ramírez, Yohan","670990","2023",".317",".358",".322",".310","86.8","3.7",24.8,4.4,31.9,"76.120490175","92.872536549",59.8,12.8,23.5,37.4,86.7,42.7,20.6,40.2,56.6,59.3,18.6,17.7
"Abbott, Andrew","671096","2023",".306",".303",".371",".320","91.2","21.6",36.7,9.2,42.5,"82.090583241","94.483927172",66.8,17.9,27.3,43.5,81.6,41.6,25.5,46.8,59.7,29.9,35.7,25.2
"Allen, Logan","671106","2023",".323",".325",".379",".341","88.9","12.6",34.2,7.6,39.1,"77.882028571","94.245612837",68.2,16.1,28.4,41.7,83.6,43.3,24,47.7,63.3,42.7,25.3,24.7
"Foley, Jason","671345","2023",".299",".306",".352",".334","88.2","3.7",29.3,4.4,42,"75.64732049","94.552937143",64,11.9,32.8,29.8,87.8,42.4,17.9,48.4,63.5,56.6,15.1,25.4
"Bradley, Taj","671737","2023",".325",".311",".417",".354","91.2","17.1",37.5,10.7,46.4,"80.567778552","95.264802586",71.8,19.6,27.2,40.6,79.7,42.1,24.9,50.7,62,36.4,24.1,27.8
"Detmers, Reid","672282","2023",".327",".340",".398",".362","89.8","15.8",37.2,6.2,41.4,"79.273350299","94.457081521",69.2,20.1,27.6,45.6,79.9,43.2,27.1,48.8,61.5,37.2,27.5,29.3
"Pérez, Cionel","672335","2023",".301",".339",".314",".306","89.2","1.5",21.5,2.9,41.9,"77.698215952","94.507534048",64.5,12.7,27.6,36.4,87,41,19.8,46.2,60,62.8,14.5,18.6
"Ort, Kaleb","672391","2023",".330",".310",".395",".318","90.4","21",31.5,12.3,39.7,"80.324780286","94.882021",69.1,14.4,27.7,33.3,85.6,42.5,19.9,48.2,50.9,32.9,38.4,16.4
"Hernández, Carlos","672578","2023",".332",".333",".405",".352","90.2","17.7",40.3,9.9,44.5,"80.354731579","94.334811799",74.4,22.5,30,48.7,77.5,42.1,30.2,51.8,59,33,31.9,28.8
"Zerpa, Angel","672582","2023",".321",".311",".373",".333","90.4","6.4",30.6,8.2,45.5,"79.838697727","94.965371527",71.8,13.5,25.1,40.5,85.8,40,19.9,49.6,61,50.7,20.1,22.4
"Contreras, Roansy","672710","2023",".355",".360",".395",".353","90.5","15.5",37.9,8.4,44.9,"79.771273396","94.964421934",67.4,16.4,29,47.2,83.6,42.6,26.5,47,61.6,39.3,29.4,24.8
"Adon, Joan","672851","2023",".358",".359",".412",".359","91.1","13.9",36.4,11.5,48.5,"80.30577061","95.621818282",67.9,15.3,29,35.7,84.7,41.6,21.8,47.6,61.7,38.2,26.1,28.5
"Senga, Kodai","673540","2023",".304",".316",".375",".335","89","12.8",31.5,6.8,40.6,"77.901311034","94.284814148",66.8,17.5,27.4,54,82.3,40.6,29.7,45.2,56.9,44,24.9,21.8
"Bradford, Cody","674003","2023",".323",".288",".392",".320","90.9","19.6",37.1,11.8,43.5,"80.275544643","95.10417494",66.2,16.9,29.2,35.3,82.5,44.4,22.1,48.9,64.1,34.1,32.4,24.7
"Henry, Tommy","674072","2023",".319",".325",".342",".305","87.9","16.8",33.8,7.6,32.4,"77.311010942","93.325474819",68.1,15.4,30.8,36.5,84,43.4,22.3,48.7,57,36.7,29.5,24.5
"Bido, Osvaldo","674370","2023",".332",".362",".365",".355","87.5","17.4",37.1,4.4,37.1,"76.658021646","93.273107134",63.1,16.7,27.3,36.2,82.9,40.7,22.7,45,61.9,35.8,22.6,31.4
"Curry, Xzavion","675540","2023",".339",".330",".378",".332","91.7","19.6",38.4,7.5,45.2,"82.894754671","94.836293069",70.4,17.1,24.2,33.3,82.9,45.1,20.8,48.9,61.1,31.8,34.1,25.6
"Grove, Michael","675627","2023",".341",".326",".423",".369","90","12.6",40.6,9.2,42,"78.955299231","94.87688744",66.8,14.9,31.5,54.2,84.9,41.3,27.2,49.5,61.3,39.6,23.7,30
"Strider, Spencer","675911","2023",".273",".275",".390",".344","88.5","17",40.2,8.2,36.1,"77.7258957","93.784333768",70.7,26.5,34.3,65,73.3,42.7,38.6,53,67.1,34.9,31.8,25.8
"Karinchak, James","675916","2023",".327",".350",".393",".328","90.4","20.7",38.6,12.5,38.6,"81.019822273","94.233027816",57.9,19.5,26.9,47.7,80.5,42,29.8,40.8,53.5,28.4,35.2,26.1
"Bolton, Cody","675989","2023",".392",".408",".447",".400","92.6","8.8",42,10.1,43.5,"84.076425758","95.150610303",69.7,15,19.3,46.9,85,44,23.3,41.5,50.5,39.1,21.7,37.7
"Buttó, José","676130","2023",".306",".335",".328",".314","90","15.5",25.4,2.5,44.1,"79.256981724","94.803524224",72.2,22.1,25.5,43,77.9,41.1,28.8,45.4,57,41.5,28,21.2
"Walker, Ryan","676254","2023",".272",".290",".336",".316","85.1","10.9",32.7,4.4,26.4,"73.980325696","92.207661401",59.6,22.6,32.4,48.1,77.4,41,32,45.5,58.2,44,27,22.6
"Abbott, Cory","676265","2023",".347",".354",".392",".342","90.9","12.9",38.3,11.7,43.3,"81.589711667","94.563149916",65.7,14.6,27.5,57.8,85,40.8,26.1,47.9,64.1,39.2,26.7,29.2
"Miller, Bobby","676272","2023",".286",".290",".339",".311","88.3","10.3",33.3,6,37.6,"77.304123023","93.812180058",67.8,19.6,28.6,43.4,79.7,42.9,26.7,48.2,64.6,47.7,24.7,23
"Garcia, Robert","676395","2023",".295",".316",".368",".344","85.1","13.8",29.6,3.7,30.9,"72.084018205","93.082525769",68.7,18.1,31.5,38.3,81.3,41.6,24.3,50.4,68.8,49.4,19.8,22.2
"Bibee, Tanner","676440","2023",".297",".300",".352",".319","88.9","16.6",37.8,6.1,38.1,"78.01009352","94.070533376",67.4,19.9,27.4,41.5,79.8,43.8,26.3,47.2,62.1,37.3,28.4,26.1
"Whitlock, Garrett","676477","2023",".329",".309",".411",".362","90","11.8",37.5,10.2,42.6,"79.252217963","94.714280791",68.5,17.5,32.3,52.7,82,42,28.1,51.2,70.4,44,25.9,24.5
"Faucher, Calvin","676534","2023",".384",".370",".452",".384","90","7.7",35.4,12.2,45.1,"78.061129268","95.042678902",69,13.6,25.9,47.8,85.8,41.1,23,47.3,59.2,48.8,22,23.2
"Fleming, Josh","676596","2023",".352",".354",".369",".335","90.7","-0.3",28.8,5.6,48.6,"79.822975568","95.259881136",68,10.8,27.5,32.1,88.3,47.1,17.6,46.4,57.7,61.6,15.3,20.3
"Sears, JP","676664","2023",".330",".316",".386",".324","88.6","22.6",32.7,11.1,38.4,"77.25363428","94.084952044",71.6,20.2,29.4,36.4,79.5,43.5,24.7,51,64.8,30.5,35.4,21.8
"Cosgrove, Tom","676680","2023",".254",".283",".260",".247","83.9","16.3",24.8,3.6,25.5,"71.686643731","92.164938872",65.6,19.5,23.2,42.7,79.8,38.1,24.9,46.1,61,41.6,32.1,15.3
"Vest, Will","676684","2023",".275",".278",".355",".326","90.2","11",35.7,5.4,45,"80.106366923","94.698587132",60.6,18.8,33.5,34.9,80.8,43.8,24.3,47.6,65.2,44.2,24.8,26.4
"Crawford, Kutter","676710","2023",".280",".269",".338",".287","87.8","20.4",30.5,7.7,35.3,"76.355210455","93.712169573",72.9,21.4,31.9,39,78.4,42.9,26.8,52.4,62.6,35,31.9,19.1
"Marinaccio, Ron","676760","2023",".321",".339",".367",".307","88.6","16.2",42.1,11.4,36.8,"76.607989818","94.551514909",67.7,25.2,30.8,33.1,74.8,41.9,28.2,46.8,56.6,39.5,31.6,22.8
"Winn, Keaton","676775","2023",".319",".303",".369",".316","92.4","4.5",26.8,10.6,48,"83.099068167","95.599386807",71.8,24.9,32.2,44.6,75.1,46.3,30.7,52.7,64,59.3,21.1,16.3
"Nardi, Andrew","677053","2023",".259",".276",".323",".291","84.6","12.3",30.2,6.5,27.3,"72.239223971","92.483975074",69.6,19.5,32.2,47.4,80.2,44.8,28.5,50.6,65.1,45.3,24.5,20.9
"Garcia, Luis","677651","2023",".309",".312",".383",".341","86.8","22.1",32.9,6.8,32.9,"75.336960556","93.173472083",67.7,20.4,34.3,49.4,79.6,42.2,31,49.9,60,27.4,24.7,32.9
"Bruihl, Justin","677865","2023",".332",".353",".365",".337","90.2","10.1",32.9,5.9,44.7,"78.889232326","95.316235412",67,13.4,26.5,50,86.6,39,24.3,46.1,62.2,49.4,21.2,25.9
"Cecconi, Slade","677944","2023",".334",".298",".386",".318","91","14.8",35.3,10.6,47.1,"81.253281667","94.965638929",74,10.5,20.1,50,89.5,39.2,18.3,48.3,66.7,38.8,34.1,22.4
"Weathers, Ryan","677960","2023",".331",".335",".349",".305","89.2","16.2",33.7,7.6,34.8,"78.823388667","93.970868889",66.6,20.2,20.7,34.5,79.5,44.8,23.6,43.9,57.2,38,29.3,23.4
"Kerr, Ray","678061","2023",".331",".322",".453",".389","87.8","14.8",39.1,11.6,46.4,"74.258690882","94.820858529",65.7,21.7,29.1,54.7,78.3,41.2,32.2,47.3,54.9,40.6,23.2,30.4
"Bello, Brayan","678394","2023",".315",".310",".360",".323","89.5","4.9",28,7,44.3,"78.007244174","94.760085031",69.1,16.6,29.4,41,83.1,42.2,24.4,48.4,64.5,56.3,20.4,19.2
"Ferrer, Jose A.","678606","2023",".298",".328",".324",".316","87.8","5.4",29.1,2.9,36.9,"76.212076667","93.716347451",67,13.6,26.3,29.2,84.8,38.6,17.9,47,56.3,55.3,17.5,22.3
"Marsh, Alec","679525","2023",".367",".362",".442",".363","89.7","14.2",40.4,9.6,41.8,"79.174797941","94.346829314",64.8,18,28.7,51.9,81.7,40.8,29.5,45.5,60.5,36.1,32.7,27.4
"Rodriguez, Grayson","680570","2023",".316",".318",".387",".351","89.8","10.4",33.4,7.3,43.7,"79.61343345","94.422562845",69.9,19.7,29.7,42.9,80.2,43.6,26.3,50.4,61.7,46.9,23.5,25.5
"Gray, Josiah","680686","2023",".342",".349",".379",".331","87.6","16.8",35,9.4,36.7,"75.912309009","93.710812694",69.2,18,27.6,43.1,81.7,42.6,26.1,46.4,59.9,38,27.7,24.5
"Bradish, Kyle","680694","2023",".300",".298",".366",".328","90","6.6",33.3,6.9,42,"80.023999375","94.268400156",64.2,13.5,27.7,54.2,86.2,42.8,25.9,45.8,57.7,49.1,22.4,25.8
"Sandlin, Nick","680704","2023",".307",".300",".379",".311","86.7","16.9",25.9,10.2,40.1,"73.295218056","94.243114653",65.2,24.7,28.8,47.7,75,40.7,32,46.5,61.9,42.2,32,16.3
"Rom, Drew","680723","2023",".374",".360",".423",".354","91.3","13.7",37,12.6,45.4,"80.754740667","95.463336891",63.5,11.2,21.9,40,88.3,41.6,18.1,43.7,52.9,39.5,31.9,21.8
"Cox, Austin","680735","2023",".339",".358",".385",".353","90.5","16.9",35.1,7.2,42.3,"81.171646458","94.258560938",65.1,22.1,22.7,44.6,76.8,45.2,27.8,44.1,61.7,37.1,29.9,27.8
"Winder, Josh","680739","2023",".336",".324",".377",".321","91","13.1",32.4,8.6,43.8,"80.758923774","95.218280857",71,12.8,26.4,40,87.2,42.3,20.3,48.5,65.3,41,29.5,25.7
"Vásquez, Randy","681190","2023",".352",".364",".388",".345","86.9","13.4",36.4,6.4,38.2,"74.038227091","93.944955505",64,11.7,29.4,30.4,87.9,44.1,17.9,46,56.6,37.3,26.4,28.2
"Silseth, Chase","681217","2023",".318",".331",".370",".329","88.7","8.5",35,10.2,42.3,"77.224657826","94.364685766",63.1,18.7,26.7,46,80.1,41.6,27.4,44,61.1,48.9,24.1,23.4
"Varland, Gus","681402","2023",".383",".410",".423",".381","93.7","7.3",34.8,10.6,57.6,"85.361516061","96.4218",68,17.6,23.2,51.1,82.4,39.5,26.2,45.4,67.6,50,16.7,30.3
"Wantz, Andrew","681806","2023",".310",".315",".350",".309","85.1","20.3",28.8,8.1,31.5,"72.359705536","93.090521532",70.7,21.4,27.9,37.9,78.6,41.5,26.3,48.5,63.5,30.6,33.3,20.7
"Olson, Reese","681857","2023",".333",".316",".410",".348","90.8","12.8",36.1,10.9,42.8,"80.260909366","95.123164014",64.6,14.3,29.9,52.7,85.7,41.7,27.4,46.3,60.2,42.1,24.9,26.3
"Criswell, Cooper","681867","2023",".346",".352",".386",".350","87.1","8",38.5,5.5,33,"75.738772222","93.325528889",62.6,12.3,28,30.7,87.7,38.1,17.7,45.8,64.9,43.1,21.1,32.1
"Selby, Colin","681882","2023",".356",".367",".443",".389","88.1","5",27.5,10.1,42,"75.197004706","94.5642975",61.8,17.5,25.3,54.2,82.5,39.1,29.2,42.3,53.1,49.3,20.3,24.6
"Vesia, Alex","681911","2023",".296",".298",".389",".341","92.1","23.8",30.6,8.2,42.5,"82.571362273","95.230663712",72.8,23.7,27.9,47.9,75.9,44.4,30.3,50.8,60.7,29.1,35.8,22.4
"Anderson, Grant","681982","2023",".311",".310",".347",".301","86.7","11.5",33,8.3,34.9,"74.248592593","93.587271204",62.5,13.9,26.4,39.2,84.5,39.3,21.4,44.5,61.7,45.9,22.9,22
"Herrin, Tim","682120","2023",".330",".331",".404",".349","87.8","11.7",34.7,6.7,37.3,"77.068993056","93.583080282",65.5,14.1,30.4,53.2,85.3,42.2,26.9,47.5,52.1,46.7,28,21.3
"Jacques, Joe","682175","2023",".311",".345",".318",".303","88.9","-2.2",22.1,3.5,45.3,"76.458083095","94.970907381",58.3,11.4,22.1,34,87,43,17.9,39.7,62,64,15.1,17.4
"Williamson, Brandon","682227","2023",".334",".325",".385",".337","90.1","17.2",35.8,8.2,41.2,"80.073373333","94.384521379",67.2,17.2,25.2,35.8,82.7,41.9,22.1,46.6,59.9,37.8,28.4,25.6
"Miller, Bryce","682243","2023",".337",".315",".410",".354","90.7","17.8",38.7,10.9,42.1,"80.533819372","94.75094644",73.6,18.9,28.6,39.7,80.7,42.9,24.1,52.8,65.9,34.5,29.6,28.3
"Uribe, Abner","682842","2023",".290",".334",".331",".319","89.7","8.4",25.4,6,43.3,"79.002330303","94.597696308",61.5,18.7,24.2,60.6,81.3,41.8,32.9,40.5,58.3,53.7,19.4,22.4
"Ortiz, Luis","682847","2023",".390",".386",".417",".358","92.4","6.7",31.6,10,49.1,"82.468997639","95.88325434",68.3,14,26.2,41.5,85.8,42.1,22.6,45.5,58,48.5,25.4,24.4
"Priester, Quinn","682990","2023",".376",".385",".399",".358","89.7","4.6",32.1,8.3,47,"77.789101928","95.154597229",64,14.3,25.9,44.7,84.9,41.5,23.3,44.6,59.8,53,17.9,23.2
"Gaddis, Hunter","683769","2023",".305",".306",".306",".270","89.3","23.4",35,5.7,35,"79.702619571","93.747651295",68.9,13.3,23.2,30.1,86.7,43.1,17.1,47.8,67,27.1,35,21.4
"Battenfield, Peyton","685410","2023",".373",".341",".432",".353","93.5","14.6",36.4,14,50.5,"85.020688333","95.86235757",73.2,17,29.6,41.4,83,41.2,24.7,49.9,63,42.1,29.9,24.3
"Sheehan, Emmet","686218","2023",".290",".277",".339",".265","89.7","20.8",34.4,10.8,42,"79.762933165","93.986124459",74.3,21.2,30,48.4,78.5,41.1,29.4,51.5,54.4,33.1,38.2,20.4
"Willingham, Amos","686294","2023",".392",".366",".430",".356","92.5","15.6",36.3,12.1,52.7,"83.639228696","95.52668956",66.4,10.3,31,42.7,89.7,43.1,21.3,47.9,57,35.2,35.2,23.1
"Waldichuk, Ken","686610","2023",".332",".337",".366",".316","88.3","14.5",34.7,7.7,38.5,"77.103488815","93.79839827",69.1,16.9,27.6,43.9,82.9,42.1,25.1,47.5,56.1,41.1,28.6,22.5
"Brown, Hunter","686613","2023",".318",".314",".395",".342","90.8","6.9",30,10.9,44.4,"80.710690569","94.872462251",65.3,14.8,27.5,48.5,85,41.9,24.8,46.4,58.3,52.2,22.2,20.8
"La Sorsa, Joe","686747","2023",".323",".346",".355",".345","85.7","12.2",33.3,2,30.4,"74.845880588","92.374209901",65.7,17.8,23.3,37.5,81.7,38.5,22.1,46.9,61.4,41.2,26.5,25.5
"Pepiot, Ryan","686752","2023",".279",".264",".343",".301","86.7","20",31.9,8.8,27.4,"75.626502727","93.036786789",69.5,20.6,32.1,43,78.9,44,27.9,50.5,62.9,38.1,29.2,21.2
"Jameson, Drey","686753","2023",".357",".334",".414",".331","92","11.9",33.9,13.6,47.5,"81.972548136","95.568070763",61.2,18.3,30.5,53.9,81.7,44.4,30,46,52.9,46.6,32.2,17.8
"White, Brendan","686839","2023",".326",".339",".391",".356","90.3","5.6",33.6,7.1,41.7,"79.904834717","94.842112925",64.4,21.2,31.6,46.2,78.4,43.1,29.2,48.3,65.5,51.3,21.2,25.7
"Varland, Louie","686973","2023",".328",".297",".415",".342","91","12.1",32,10.8,43.8,"80.617099792","94.965145521",73.5,19.4,29.5,45.8,80.6,44,25.9,53.8,70,45.4,30.9,19.6
"Kelly, Kevin","687330","2023",".282",".303",".310",".300","87","10.3",32.3,3.6,32.8,"75.746726327","93.190395846",62.3,17.2,25.9,35.3,82.8,40.6,22.2,44.7,63,48.2,19,25.1
"Headrick, Brent","687396","2023",".353",".332",".431",".340","90.7","26.7",47.9,15.1,42.5,"80.821380278","94.407670694",65.1,18.2,29.2,41.2,81.8,41.5,24.8,48.2,62.4,19.2,42.5,26
"Robertson, Nick","687798","2023",".328",".331",".412",".368","90.4","8.7",35.7,8.6,47.1,"79.426485143","95.070368571",69,21.7,31.3,48.3,78.3,43.6,29.8,50.5,55.8,47.1,25.7,22.9
"Walter, Brandon","687888","2023",".325",".326",".352",".324","85.9","18.3",28,7.3,24.4,"75.029887317","92.356073293",71.2,10.3,25.9,33.3,89.7,40.5,16,49.6,60.4,42.7,26.8,19.5
"Brieske, Beau","689225","2023",".305",".311",".351",".325","87.2","12.4",32.1,5.5,32.4,"75.475923846","93.548403173",71.2,15,31.8,34.9,85,47,21.9,49.5,65.1,43.1,25.7,24.8
"Dodd, Dylan","689266","2023",".423",".383",".445",".366","92.6","16.8",38.2,12.5,46.3,"82.424902647","95.942111407",70.9,15.7,29.8,27.1,83.9,43.3,18.3,53.9,67.1,36,34.6,23.5
"Harrison, Kyle","690986","2023",".327",".314",".387",".322","89.4","18.3",42.3,9.3,38.1,"79.652369796","93.854538454",63.6,18.8,27.6,35.4,80.7,43.9,23.6,46.1,59.2,27.8,36.1,26.8
"Pérez, Eury","691587","2023",".294",".279",".374",".307","89.8","23.5",36.1,10.7,40.3,"79.350598246","94.443128282",71.4,22.7,31,56.1,77.3,40.8,33.7,49.9,58.8,27.5,37.8,23.2
"Woo, Bryan","693433","2023",".289",".300",".337",".305","87.4","13.9",32.5,6.3,33.8,"76.283120168","93.342257722",71.8,23.7,27.9,40.6,76.3,43.4,28.1,50.9,64.4,40.8,29.2,22.1
"Elder, Bryce","693821","2023",".329",".335",".359",".327","89.9","8.5",32,6,41,"79.502454545","94.398947273",67,13.6,28.5,43.4,85.8,42.5,23.5,46.3,63.1,50.6,21.1,23.7
"Palencia, Daniel","694037","2023",".310",".330",".368",".332","91.4","15.2",34.3,7.1,47.1,"81.628045882","95.298267463",70.8,23.4,27.1,48.6,76,41.3,30.8,48,56.3,37.1,18.6,30
"Pfaadt, Brandon","694297","2023",".325",".303",".391",".331","90.1","18.2",37.2,11.7,44,"79.562691678","94.728173805",67.2,17.2,29.1,45.5,82.1,43.2,25,49.3,63.9,32.6,33.9,25.2
"Shuster, Jared","694363","2023",".354",".357",".362",".319","89.4","18.4",34.7,6.9,38.7,"78.88197119","94.197751607",68.4,15.3,23.9,38.7,84.7,42.9,21.6,45.6,62.2,35.8,29.5,22.5
"Stone, Gavin","694813","2023",".379",".379",".409",".371","88.5","11.7",38.3,8.7,37.4,"77.322630357","93.906186518",71,21.3,34.3,47.1,78.7,45.4,30.9,50.8,61.8,47,21.7,27
"Miller, Mason","695243","2023",".277",".299",".306",".275","89.2","23.8",35.4,3.7,34.1,"80.718649268","93.005963086",68,18.1,25.2,47.4,81.9,41.4,26.2,46.3,55.4,25.6,34.1,25.6
"Wicks, Jordan","696136","2023",".311",".310",".341",".309","88.1","7.4",30.4,6.3,33,"78.138655455","93.112259908",68.4,14,29.7,39.4,86,44.3,23.3,46.3,53.7,50,21.4,25
"Smith-Shawver, AJ","700363","2023",".301",".296",".318",".262","90.3","19.3",30.1,9.6,35.6,"81.671752432","93.720931507",68.9,16.2,25.8,34.4,83.8,39.6,21.8,45.4,46.7,37,32.9,19.2
"Hartwig, Grant","701643","2023",".319",".345",".337",".313","87.1","8.7",34.6,6.5,36.4,"75.324396415","93.473362642",65,11,25.3,39.6,89,37.9,20.5,42.7,58.6,48.6,21.5,26.2